BaP measurements at country level;;;;;;;;;;
BaP: percentage of population and exceedances. Results are shown at country level (including EU28 and EEA33 aggregates).;;;;;;;;;;
;;;;;;;;;;
tot_pop_exc: sum of total population assigned to each stations for stations having above_TV?=1;;;;;;;;;;
nb_of_station_exc: count of stations having above_TV?=1;;;;;;;;;;
tot_pop_no_exc: sum of total population assigned to each stations for stations having above_TV?=0;;;;;;;;;;
nb_of_station_no_exc: count of stations having above_TV?=0;;;;;;;;;;
percentage_pop_exc=(tot_pop_exc)/(tot_pop_exc+tot_pop_no_exc)*100;;;;;;;;;;
percentage_pop_no_exc=(tot_pop_no_exc)/(tot_pop_exc+tot_pop_no_exc)*100;;;;;;;;;;
Note: one station (station_european_code) can be counted several times if the same station shows several concentration statistics for the same year (distinct measurements recorded under different measurement_european_group_code or distinct components or distinct  statistics_average_group);;;;;;;;;;
;;;;;;;;;;
country_iso_code;country_name;component_caption;component_name;statistics_year;tot_pop_exc;nb_of_station_exc;tot_pop_no_exc;nb_of_station_no_exc;percentage_pop_exc;percentage_pop_no_exc
AT;Austria;BaP, BaP in PM10, BaP in PM2.5;Benzo(a)pyrene (air+aerosol), Benzo(a)pyrene in PM10 (aerosol), Benzo(a)pyrene in PM10 (air+aerosol), Benzo(a)pyrene in PM2.5 (aerosol);2000;0;0;9429,568;1;0;100
AT;Austria;BaP, BaP in PM10, BaP in PM2.5;Benzo(a)pyrene (air+aerosol), Benzo(a)pyrene in PM10 (aerosol), Benzo(a)pyrene in PM10 (air+aerosol), Benzo(a)pyrene in PM2.5 (aerosol);2001;0;0;9429,568;1;0;100
AT;Austria;BaP, BaP in PM10, BaP in PM2.5;Benzo(a)pyrene (air+aerosol), Benzo(a)pyrene in PM10 (aerosol), Benzo(a)pyrene in PM10 (air+aerosol), Benzo(a)pyrene in PM2.5 (aerosol);2002;0;0;9429,568;1;0;100
AT;Austria;BaP, BaP in PM10, BaP in PM2.5;Benzo(a)pyrene (air+aerosol), Benzo(a)pyrene in PM10 (aerosol), Benzo(a)pyrene in PM10 (air+aerosol), Benzo(a)pyrene in PM2.5 (aerosol);2003;9429,568;1;0;0;100;0
AT;Austria;BaP, BaP in PM10, BaP in PM2.5;Benzo(a)pyrene (air+aerosol), Benzo(a)pyrene in PM10 (aerosol), Benzo(a)pyrene in PM10 (air+aerosol), Benzo(a)pyrene in PM2.5 (aerosol);2005;0;0;9429,568;1;0;100
AT;Austria;BaP, BaP in PM10, BaP in PM2.5;Benzo(a)pyrene (air+aerosol), Benzo(a)pyrene in PM10 (aerosol), Benzo(a)pyrene in PM10 (air+aerosol), Benzo(a)pyrene in PM2.5 (aerosol);2006;333076;4;0;0;100;0
AT;Austria;BaP, BaP in PM10, BaP in PM2.5;Benzo(a)pyrene (air+aerosol), Benzo(a)pyrene in PM10 (aerosol), Benzo(a)pyrene in PM10 (air+aerosol), Benzo(a)pyrene in PM2.5 (aerosol);2007;429920,808;4;248057,848;4;63,4121449392649;36,5878550607351
AT;Austria;BaP, BaP in PM10, BaP in PM2.5;Benzo(a)pyrene (air+aerosol), Benzo(a)pyrene in PM10 (aerosol), Benzo(a)pyrene in PM10 (air+aerosol), Benzo(a)pyrene in PM2.5 (aerosol);2008;405889,848;2;272088,808;6;59,8676439749159;40,1323560250841
AT;Austria;BaP, BaP in PM10, BaP in PM2.5;Benzo(a)pyrene (air+aerosol), Benzo(a)pyrene in PM10 (aerosol), Benzo(a)pyrene in PM10 (air+aerosol), Benzo(a)pyrene in PM2.5 (aerosol);2009;422405,368;4;117665,856;3;78,2129003044236;21,7870996955764
AT;Austria;BaP, BaP in PM10, BaP in PM2.5;Benzo(a)pyrene (air+aerosol), Benzo(a)pyrene in PM10 (aerosol), Benzo(a)pyrene in PM10 (air+aerosol), Benzo(a)pyrene in PM2.5 (aerosol);2010;396793,628;6;287152,132;4;58,0153648441362;41,9846351558638
AT;Austria;BaP, BaP in PM10, BaP in PM2.5;Benzo(a)pyrene (air+aerosol), Benzo(a)pyrene in PM10 (aerosol), Benzo(a)pyrene in PM10 (air+aerosol), Benzo(a)pyrene in PM2.5 (aerosol);2011;430830,2;6;253115,56;4;62,9918664895298;37,0081335104702
AT;Austria;BaP, BaP in PM10, BaP in PM2.5;Benzo(a)pyrene (air+aerosol), Benzo(a)pyrene in PM10 (aerosol), Benzo(a)pyrene in PM10 (air+aerosol), Benzo(a)pyrene in PM2.5 (aerosol);2012;238005,248;2;445940,512;8;34,7988483765145;65,2011516234855
BE;Belgium;BaP, BaP in PM10, BaP in PM2.5;Benzo(a)pyrene (air+aerosol), Benzo(a)pyrene in PM10 (aerosol), Benzo(a)pyrene in PM10 (air+aerosol), Benzo(a)pyrene in PM2.5 (aerosol);2006;0;0;1037757,252;8;0;100
BE;Belgium;BaP, BaP in PM10, BaP in PM2.5;Benzo(a)pyrene (air+aerosol), Benzo(a)pyrene in PM10 (aerosol), Benzo(a)pyrene in PM10 (air+aerosol), Benzo(a)pyrene in PM2.5 (aerosol);2007;0;0;1037757,252;7;0;100
BE;Belgium;BaP, BaP in PM10, BaP in PM2.5;Benzo(a)pyrene (air+aerosol), Benzo(a)pyrene in PM10 (aerosol), Benzo(a)pyrene in PM10 (air+aerosol), Benzo(a)pyrene in PM2.5 (aerosol);2008;0;0;1037757,252;10;0;100
BE;Belgium;BaP, BaP in PM10, BaP in PM2.5;Benzo(a)pyrene (air+aerosol), Benzo(a)pyrene in PM10 (aerosol), Benzo(a)pyrene in PM10 (air+aerosol), Benzo(a)pyrene in PM2.5 (aerosol);2009;0;0;1037757,252;11;0;100
BE;Belgium;BaP, BaP in PM10, BaP in PM2.5;Benzo(a)pyrene (air+aerosol), Benzo(a)pyrene in PM10 (aerosol), Benzo(a)pyrene in PM10 (air+aerosol), Benzo(a)pyrene in PM2.5 (aerosol);2010;0;0;1252818,9;9;0;100
BE;Belgium;BaP, BaP in PM10, BaP in PM2.5;Benzo(a)pyrene (air+aerosol), Benzo(a)pyrene in PM10 (aerosol), Benzo(a)pyrene in PM10 (air+aerosol), Benzo(a)pyrene in PM2.5 (aerosol);2011;0;0;1252818,9;13;0;100
BE;Belgium;BaP, BaP in PM10, BaP in PM2.5;Benzo(a)pyrene (air+aerosol), Benzo(a)pyrene in PM10 (aerosol), Benzo(a)pyrene in PM10 (air+aerosol), Benzo(a)pyrene in PM2.5 (aerosol);2012;0;0;1252818,9;8;0;100
BG;Bulgaria;BaP, BaP in PM10, BaP in PM2.5;Benzo(a)pyrene (air+aerosol), Benzo(a)pyrene in PM10 (aerosol), Benzo(a)pyrene in PM10 (air+aerosol), Benzo(a)pyrene in PM2.5 (aerosol);2006;75465,776;1;185854,38;1;28,8786663666311;71,1213336333689
BG;Bulgaria;BaP, BaP in PM10, BaP in PM2.5;Benzo(a)pyrene (air+aerosol), Benzo(a)pyrene in PM10 (aerosol), Benzo(a)pyrene in PM10 (air+aerosol), Benzo(a)pyrene in PM2.5 (aerosol);2007;0;0;185854,38;1;0;100
BG;Bulgaria;BaP, BaP in PM10, BaP in PM2.5;Benzo(a)pyrene (air+aerosol), Benzo(a)pyrene in PM10 (aerosol), Benzo(a)pyrene in PM10 (air+aerosol), Benzo(a)pyrene in PM2.5 (aerosol);2008;151298,836;2;295023,524;2;33,899004298149;66,100995701851
BG;Bulgaria;BaP, BaP in PM10, BaP in PM2.5;Benzo(a)pyrene (air+aerosol), Benzo(a)pyrene in PM10 (aerosol), Benzo(a)pyrene in PM10 (air+aerosol), Benzo(a)pyrene in PM2.5 (aerosol);2009;153193,468;3;295023,524;2;34,1784159758049;65,8215840241951
BG;Bulgaria;BaP, BaP in PM10, BaP in PM2.5;Benzo(a)pyrene (air+aerosol), Benzo(a)pyrene in PM10 (aerosol), Benzo(a)pyrene in PM10 (air+aerosol), Benzo(a)pyrene in PM2.5 (aerosol);2010;75833,06;1;185854,38;1;28,9784867015398;71,0215132984602
BG;Bulgaria;BaP, BaP in PM10, BaP in PM2.5;Benzo(a)pyrene (air+aerosol), Benzo(a)pyrene in PM10 (aerosol), Benzo(a)pyrene in PM10 (air+aerosol), Benzo(a)pyrene in PM2.5 (aerosol);2011;88185,164;2;295023,524;2;23,0123081134319;76,9876918865681
BG;Bulgaria;BaP, BaP in PM10, BaP in PM2.5;Benzo(a)pyrene (air+aerosol), Benzo(a)pyrene in PM10 (aerosol), Benzo(a)pyrene in PM10 (air+aerosol), Benzo(a)pyrene in PM2.5 (aerosol);2012;301873,488;4;486254,132;2;38,3026150003473;61,6973849996527
CH;Switzerland;BaP, BaP in PM10, BaP in PM2.5;Benzo(a)pyrene (air+aerosol), Benzo(a)pyrene in PM10 (aerosol), Benzo(a)pyrene in PM10 (air+aerosol), Benzo(a)pyrene in PM2.5 (aerosol);2006;0;0;371924,45;3;0;100
CH;Switzerland;BaP, BaP in PM10, BaP in PM2.5;Benzo(a)pyrene (air+aerosol), Benzo(a)pyrene in PM10 (aerosol), Benzo(a)pyrene in PM10 (air+aerosol), Benzo(a)pyrene in PM2.5 (aerosol);2007;0;0;371924,45;3;0;100
CH;Switzerland;BaP, BaP in PM10, BaP in PM2.5;Benzo(a)pyrene (air+aerosol), Benzo(a)pyrene in PM10 (aerosol), Benzo(a)pyrene in PM10 (air+aerosol), Benzo(a)pyrene in PM2.5 (aerosol);2008;0;0;371924,45;3;0;100
CH;Switzerland;BaP, BaP in PM10, BaP in PM2.5;Benzo(a)pyrene (air+aerosol), Benzo(a)pyrene in PM10 (aerosol), Benzo(a)pyrene in PM10 (air+aerosol), Benzo(a)pyrene in PM2.5 (aerosol);2009;0;0;377510,3;4;0;100
CH;Switzerland;BaP, BaP in PM10, BaP in PM2.5;Benzo(a)pyrene (air+aerosol), Benzo(a)pyrene in PM10 (aerosol), Benzo(a)pyrene in PM10 (air+aerosol), Benzo(a)pyrene in PM2.5 (aerosol);2010;0;0;377510,3;4;0;100
CH;Switzerland;BaP, BaP in PM10, BaP in PM2.5;Benzo(a)pyrene (air+aerosol), Benzo(a)pyrene in PM10 (aerosol), Benzo(a)pyrene in PM10 (air+aerosol), Benzo(a)pyrene in PM2.5 (aerosol);2011;0;0;377510,3;4;0;100
CH;Switzerland;BaP, BaP in PM10, BaP in PM2.5;Benzo(a)pyrene (air+aerosol), Benzo(a)pyrene in PM10 (aerosol), Benzo(a)pyrene in PM10 (air+aerosol), Benzo(a)pyrene in PM2.5 (aerosol);2012;0;0;377510,3;4;0;100
CY;Cyprus;BaP, BaP in PM10, BaP in PM2.5;Benzo(a)pyrene (air+aerosol), Benzo(a)pyrene in PM10 (aerosol), Benzo(a)pyrene in PM10 (air+aerosol), Benzo(a)pyrene in PM2.5 (aerosol);2009;0;0;173326,55;1;0;100
CY;Cyprus;BaP, BaP in PM10, BaP in PM2.5;Benzo(a)pyrene (air+aerosol), Benzo(a)pyrene in PM10 (aerosol), Benzo(a)pyrene in PM10 (air+aerosol), Benzo(a)pyrene in PM2.5 (aerosol);2010;0;0;173326,55;1;0;100
CY;Cyprus;BaP, BaP in PM10, BaP in PM2.5;Benzo(a)pyrene (air+aerosol), Benzo(a)pyrene in PM10 (aerosol), Benzo(a)pyrene in PM10 (air+aerosol), Benzo(a)pyrene in PM2.5 (aerosol);2011;0;0;173326,55;1;0;100
CY;Cyprus;BaP, BaP in PM10, BaP in PM2.5;Benzo(a)pyrene (air+aerosol), Benzo(a)pyrene in PM10 (aerosol), Benzo(a)pyrene in PM10 (air+aerosol), Benzo(a)pyrene in PM2.5 (aerosol);2012;0;0;173326,55;1;0;100
CZ;Czech Republic;BaP, BaP in PM10, BaP in PM2.5;Benzo(a)pyrene (air+aerosol), Benzo(a)pyrene in PM10 (aerosol), Benzo(a)pyrene in PM10 (air+aerosol), Benzo(a)pyrene in PM2.5 (aerosol);2005;2055094,49;13;90583,66;1;95,7783202480763;4,22167975192365
CZ;Czech Republic;BaP, BaP in PM10, BaP in PM2.5;Benzo(a)pyrene (air+aerosol), Benzo(a)pyrene in PM10 (aerosol), Benzo(a)pyrene in PM10 (air+aerosol), Benzo(a)pyrene in PM2.5 (aerosol);2006;2145678,15;14;0;0;100;0
CZ;Czech Republic;BaP, BaP in PM10, BaP in PM2.5;Benzo(a)pyrene (air+aerosol), Benzo(a)pyrene in PM10 (aerosol), Benzo(a)pyrene in PM10 (air+aerosol), Benzo(a)pyrene in PM2.5 (aerosol);2007;1959614,545;12;90583,66;1;95,5817120618345;4,41828793816547
CZ;Czech Republic;BaP, BaP in PM10, BaP in PM2.5;Benzo(a)pyrene (air+aerosol), Benzo(a)pyrene in PM10 (aerosol), Benzo(a)pyrene in PM10 (air+aerosol), Benzo(a)pyrene in PM2.5 (aerosol);2008;1760267,365;14;798741,29;5;68,7870813395119;31,2129186604881
CZ;Czech Republic;BaP, BaP in PM10, BaP in PM2.5;Benzo(a)pyrene (air+aerosol), Benzo(a)pyrene in PM10 (aerosol), Benzo(a)pyrene in PM10 (air+aerosol), Benzo(a)pyrene in PM2.5 (aerosol);2009;1517605,755;13;1025041,62;7;59,6860488765179;40,3139511234821
CZ;Czech Republic;BaP, BaP in PM10, BaP in PM2.5;Benzo(a)pyrene (air+aerosol), Benzo(a)pyrene in PM10 (aerosol), Benzo(a)pyrene in PM10 (air+aerosol), Benzo(a)pyrene in PM2.5 (aerosol);2010;1517605,755;12;972352,65;6;60,9490404318622;39,0509595681378
CZ;Czech Republic;BaP, BaP in PM10, BaP in PM2.5;Benzo(a)pyrene (air+aerosol), Benzo(a)pyrene in PM10 (aerosol), Benzo(a)pyrene in PM10 (air+aerosol), Benzo(a)pyrene in PM2.5 (aerosol);2011;1599873,275;13;890085,13;5;64,2530120899751;35,746987910025
CZ;Czech Republic;BaP, BaP in PM10, BaP in PM2.5;Benzo(a)pyrene (air+aerosol), Benzo(a)pyrene in PM10 (aerosol), Benzo(a)pyrene in PM10 (air+aerosol), Benzo(a)pyrene in PM2.5 (aerosol);2012;1625912,63;12;1046719,755;6;60,8356255475068;39,1643744524932
DE;Germany;BaP, BaP in PM10, BaP in PM2.5;Benzo(a)pyrene (air+aerosol), Benzo(a)pyrene in PM10 (aerosol), Benzo(a)pyrene in PM10 (air+aerosol), Benzo(a)pyrene in PM2.5 (aerosol);2006;7326,23;2;1205157,088;15;0,60423346789502;99,395766532105
DE;Germany;BaP, BaP in PM10, BaP in PM2.5;Benzo(a)pyrene (air+aerosol), Benzo(a)pyrene in PM10 (aerosol), Benzo(a)pyrene in PM10 (air+aerosol), Benzo(a)pyrene in PM2.5 (aerosol);2007;0;0;7449476,26;34;0;100
DE;Germany;BaP, BaP in PM10, BaP in PM2.5;Benzo(a)pyrene (air+aerosol), Benzo(a)pyrene in PM10 (aerosol), Benzo(a)pyrene in PM10 (air+aerosol), Benzo(a)pyrene in PM2.5 (aerosol);2008;0;0;9895984,604;56;0;100
DE;Germany;BaP, BaP in PM10, BaP in PM2.5;Benzo(a)pyrene (air+aerosol), Benzo(a)pyrene in PM10 (aerosol), Benzo(a)pyrene in PM10 (air+aerosol), Benzo(a)pyrene in PM2.5 (aerosol);2009;0;0;11621551,43;61;0;100
DE;Germany;BaP, BaP in PM10, BaP in PM2.5;Benzo(a)pyrene (air+aerosol), Benzo(a)pyrene in PM10 (aerosol), Benzo(a)pyrene in PM10 (air+aerosol), Benzo(a)pyrene in PM2.5 (aerosol);2010;19736,584;2;7263422,782;53;0,27098931944475;99,7290106805552
DE;Germany;BaP, BaP in PM10, BaP in PM2.5;Benzo(a)pyrene (air+aerosol), Benzo(a)pyrene in PM10 (aerosol), Benzo(a)pyrene in PM10 (air+aerosol), Benzo(a)pyrene in PM2.5 (aerosol);2011;3695,572;1;11247570,996;65;0,0328458309796932;99,9671541690203
DE;Germany;BaP, BaP in PM10, BaP in PM2.5;Benzo(a)pyrene (air+aerosol), Benzo(a)pyrene in PM10 (aerosol), Benzo(a)pyrene in PM10 (air+aerosol), Benzo(a)pyrene in PM2.5 (aerosol);2012;3695,572;1;11098810,588;65;0,0332859261390403;99,966714073861
DK;Denmark;BaP, BaP in PM10, BaP in PM2.5;Benzo(a)pyrene (air+aerosol), Benzo(a)pyrene in PM10 (aerosol), Benzo(a)pyrene in PM10 (air+aerosol), Benzo(a)pyrene in PM2.5 (aerosol);2007;0;0;32332,212;1;0;100
DK;Denmark;BaP, BaP in PM10, BaP in PM2.5;Benzo(a)pyrene (air+aerosol), Benzo(a)pyrene in PM10 (aerosol), Benzo(a)pyrene in PM10 (air+aerosol), Benzo(a)pyrene in PM2.5 (aerosol);2008;0;0;32332,212;1;0;100
DK;Denmark;BaP, BaP in PM10, BaP in PM2.5;Benzo(a)pyrene (air+aerosol), Benzo(a)pyrene in PM10 (aerosol), Benzo(a)pyrene in PM10 (air+aerosol), Benzo(a)pyrene in PM2.5 (aerosol);2009;0;0;32332,212;1;0;100
DK;Denmark;BaP, BaP in PM10, BaP in PM2.5;Benzo(a)pyrene (air+aerosol), Benzo(a)pyrene in PM10 (aerosol), Benzo(a)pyrene in PM10 (air+aerosol), Benzo(a)pyrene in PM2.5 (aerosol);2010;0;0;32332,212;1;0;100
DK;Denmark;BaP, BaP in PM10, BaP in PM2.5;Benzo(a)pyrene (air+aerosol), Benzo(a)pyrene in PM10 (aerosol), Benzo(a)pyrene in PM10 (air+aerosol), Benzo(a)pyrene in PM2.5 (aerosol);2011;0;0;32332,212;1;0;100
DK;Denmark;BaP, BaP in PM10, BaP in PM2.5;Benzo(a)pyrene (air+aerosol), Benzo(a)pyrene in PM10 (aerosol), Benzo(a)pyrene in PM10 (air+aerosol), Benzo(a)pyrene in PM2.5 (aerosol);2012;0;0;32332,212;1;0;100
EE;Estonia;BaP, BaP in PM10, BaP in PM2.5;Benzo(a)pyrene (air+aerosol), Benzo(a)pyrene in PM10 (aerosol), Benzo(a)pyrene in PM10 (air+aerosol), Benzo(a)pyrene in PM2.5 (aerosol);2009;0;0;382006,692;1;0;100
EE;Estonia;BaP, BaP in PM10, BaP in PM2.5;Benzo(a)pyrene (air+aerosol), Benzo(a)pyrene in PM10 (aerosol), Benzo(a)pyrene in PM10 (air+aerosol), Benzo(a)pyrene in PM2.5 (aerosol);2010;0;0;382006,692;1;0;100
EE;Estonia;BaP, BaP in PM10, BaP in PM2.5;Benzo(a)pyrene (air+aerosol), Benzo(a)pyrene in PM10 (aerosol), Benzo(a)pyrene in PM10 (air+aerosol), Benzo(a)pyrene in PM2.5 (aerosol);2011;0;0;382006,692;1;0;100
EE;Estonia;BaP, BaP in PM10, BaP in PM2.5;Benzo(a)pyrene (air+aerosol), Benzo(a)pyrene in PM10 (aerosol), Benzo(a)pyrene in PM10 (air+aerosol), Benzo(a)pyrene in PM2.5 (aerosol);2012;92662,704;1;62479,188;1;59,7277130022367;40,2722869977633
EEA33;EEA33;BaP, BaP in PM10, BaP in PM2.5;Benzo(a)pyrene (air+aerosol), Benzo(a)pyrene in PM10 (aerosol), Benzo(a)pyrene in PM10 (air+aerosol), Benzo(a)pyrene in PM2.5 (aerosol);1991;733271,64;2;7079554,842;2;9,38548477544442;90,6145152245556
EEA33;EEA33;BaP, BaP in PM10, BaP in PM2.5;Benzo(a)pyrene (air+aerosol), Benzo(a)pyrene in PM10 (aerosol), Benzo(a)pyrene in PM10 (air+aerosol), Benzo(a)pyrene in PM2.5 (aerosol);1992;435071,178;1;7504391,19;4;5,47985692020601;94,520143079794
EEA33;EEA33;BaP, BaP in PM10, BaP in PM2.5;Benzo(a)pyrene (air+aerosol), Benzo(a)pyrene in PM10 (aerosol), Benzo(a)pyrene in PM10 (air+aerosol), Benzo(a)pyrene in PM2.5 (aerosol);1993;0;0;7868589,114;4;0;100
EEA33;EEA33;BaP, BaP in PM10, BaP in PM2.5;Benzo(a)pyrene (air+aerosol), Benzo(a)pyrene in PM10 (aerosol), Benzo(a)pyrene in PM10 (air+aerosol), Benzo(a)pyrene in PM2.5 (aerosol);1994;0;0;7570388,652;3;0;100
EEA33;EEA33;BaP, BaP in PM10, BaP in PM2.5;Benzo(a)pyrene (air+aerosol), Benzo(a)pyrene in PM10 (aerosol), Benzo(a)pyrene in PM10 (air+aerosol), Benzo(a)pyrene in PM2.5 (aerosol);1995;0;0;7570388,652;3;0;100
EEA33;EEA33;BaP, BaP in PM10, BaP in PM2.5;Benzo(a)pyrene (air+aerosol), Benzo(a)pyrene in PM10 (aerosol), Benzo(a)pyrene in PM10 (air+aerosol), Benzo(a)pyrene in PM2.5 (aerosol);1996;0;0;7570388,652;3;0;100
EEA33;EEA33;BaP, BaP in PM10, BaP in PM2.5;Benzo(a)pyrene (air+aerosol), Benzo(a)pyrene in PM10 (aerosol), Benzo(a)pyrene in PM10 (air+aerosol), Benzo(a)pyrene in PM2.5 (aerosol);1997;0;0;7570388,652;3;0;100
EEA33;EEA33;BaP, BaP in PM10, BaP in PM2.5;Benzo(a)pyrene (air+aerosol), Benzo(a)pyrene in PM10 (aerosol), Benzo(a)pyrene in PM10 (air+aerosol), Benzo(a)pyrene in PM2.5 (aerosol);1998;0;0;7570388,652;4;0;100
EEA33;EEA33;BaP, BaP in PM10, BaP in PM2.5;Benzo(a)pyrene (air+aerosol), Benzo(a)pyrene in PM10 (aerosol), Benzo(a)pyrene in PM10 (air+aerosol), Benzo(a)pyrene in PM2.5 (aerosol);1999;0;0;7824390,474;5;0;100
EEA33;EEA33;BaP, BaP in PM10, BaP in PM2.5;Benzo(a)pyrene (air+aerosol), Benzo(a)pyrene in PM10 (aerosol), Benzo(a)pyrene in PM10 (air+aerosol), Benzo(a)pyrene in PM2.5 (aerosol);2000;0;0;7833820,042;6;0;100
EEA33;EEA33;BaP, BaP in PM10, BaP in PM2.5;Benzo(a)pyrene (air+aerosol), Benzo(a)pyrene in PM10 (aerosol), Benzo(a)pyrene in PM10 (air+aerosol), Benzo(a)pyrene in PM2.5 (aerosol);2001;0;0;10424508,77;11;0;100
EEA33;EEA33;BaP, BaP in PM10, BaP in PM2.5;Benzo(a)pyrene (air+aerosol), Benzo(a)pyrene in PM10 (aerosol), Benzo(a)pyrene in PM10 (air+aerosol), Benzo(a)pyrene in PM2.5 (aerosol);2002;0;0;10424508,77;12;0;100
EEA33;EEA33;BaP, BaP in PM10, BaP in PM2.5;Benzo(a)pyrene (air+aerosol), Benzo(a)pyrene in PM10 (aerosol), Benzo(a)pyrene in PM10 (air+aerosol), Benzo(a)pyrene in PM2.5 (aerosol);2003;9429,568;1;10415079,202;11;0,0904557539165464;99,9095442460835
EEA33;EEA33;BaP, BaP in PM10, BaP in PM2.5;Benzo(a)pyrene (air+aerosol), Benzo(a)pyrene in PM10 (aerosol), Benzo(a)pyrene in PM10 (air+aerosol), Benzo(a)pyrene in PM2.5 (aerosol);2004;120816,21;1;9347339,158;7;1,27602690602574;98,7239730939743
EEA33;EEA33;BaP, BaP in PM10, BaP in PM2.5;Benzo(a)pyrene (air+aerosol), Benzo(a)pyrene in PM10 (aerosol), Benzo(a)pyrene in PM10 (air+aerosol), Benzo(a)pyrene in PM2.5 (aerosol);2005;2055094,49;13;365371,802;3;84,9049002166397;15,0950997833603
EEA33;EEA33;BaP, BaP in PM10, BaP in PM2.5;Benzo(a)pyrene (air+aerosol), Benzo(a)pyrene in PM10 (aerosol), Benzo(a)pyrene in PM10 (air+aerosol), Benzo(a)pyrene in PM2.5 (aerosol);2006;2561546,156;21;3066051,744;28;45,5175760869482;54,4824239130518
EEA33;EEA33;BaP, BaP in PM10, BaP in PM2.5;Benzo(a)pyrene (air+aerosol), Benzo(a)pyrene in PM10 (aerosol), Benzo(a)pyrene in PM10 (air+aerosol), Benzo(a)pyrene in PM2.5 (aerosol);2007;3226578,374;22;22455772,765;69;12,5634072851697;87,4365927148303
EEA33;EEA33;BaP, BaP in PM10, BaP in PM2.5;Benzo(a)pyrene (air+aerosol), Benzo(a)pyrene in PM10 (aerosol), Benzo(a)pyrene in PM10 (air+aerosol), Benzo(a)pyrene in PM2.5 (aerosol);2008;10484552,525;57;30019924,092;131;25,8849228546742;74,1150771453258
EEA33;EEA33;BaP, BaP in PM10, BaP in PM2.5;Benzo(a)pyrene (air+aerosol), Benzo(a)pyrene in PM10 (aerosol), Benzo(a)pyrene in PM10 (air+aerosol), Benzo(a)pyrene in PM2.5 (aerosol);2009;10093972,705;61;42272627,458;167;19,2755929802217;80,7244070197783
EEA33;EEA33;BaP, BaP in PM10, BaP in PM2.5;Benzo(a)pyrene (air+aerosol), Benzo(a)pyrene in PM10 (aerosol), Benzo(a)pyrene in PM10 (air+aerosol), Benzo(a)pyrene in PM2.5 (aerosol);2010;10661561,268;83;34842876,408;167;23,429717655039;76,570282344961
EEA33;EEA33;BaP, BaP in PM10, BaP in PM2.5;Benzo(a)pyrene (air+aerosol), Benzo(a)pyrene in PM10 (aerosol), Benzo(a)pyrene in PM10 (air+aerosol), Benzo(a)pyrene in PM2.5 (aerosol);2011;14162407,16;85;37784586,395;173;27,2631892450239;72,7368107549761
EEA33;EEA33;BaP, BaP in PM10, BaP in PM2.5;Benzo(a)pyrene (air+aerosol), Benzo(a)pyrene in PM10 (aerosol), Benzo(a)pyrene in PM10 (air+aerosol), Benzo(a)pyrene in PM2.5 (aerosol);2012;14340216,375;85;43023219,715;193;24,9988796914135;75,0011203085865
ES;Spain;BaP, BaP in PM10, BaP in PM2.5;Benzo(a)pyrene (air+aerosol), Benzo(a)pyrene in PM10 (aerosol), Benzo(a)pyrene in PM10 (air+aerosol), Benzo(a)pyrene in PM2.5 (aerosol);2007;0;0;1597657;2;0;100
ES;Spain;BaP, BaP in PM10, BaP in PM2.5;Benzo(a)pyrene (air+aerosol), Benzo(a)pyrene in PM10 (aerosol), Benzo(a)pyrene in PM10 (air+aerosol), Benzo(a)pyrene in PM2.5 (aerosol);2008;0;0;1671532,47;4;0;100
ES;Spain;BaP, BaP in PM10, BaP in PM2.5;Benzo(a)pyrene (air+aerosol), Benzo(a)pyrene in PM10 (aerosol), Benzo(a)pyrene in PM10 (air+aerosol), Benzo(a)pyrene in PM2.5 (aerosol);2009;0;0;1597657;6;0;100
ES;Spain;BaP, BaP in PM10, BaP in PM2.5;Benzo(a)pyrene (air+aerosol), Benzo(a)pyrene in PM10 (aerosol), Benzo(a)pyrene in PM10 (air+aerosol), Benzo(a)pyrene in PM2.5 (aerosol);2010;0;0;2669677,565;14;0;100
ES;Spain;BaP, BaP in PM10, BaP in PM2.5;Benzo(a)pyrene (air+aerosol), Benzo(a)pyrene in PM10 (aerosol), Benzo(a)pyrene in PM10 (air+aerosol), Benzo(a)pyrene in PM2.5 (aerosol);2011;0;0;2865823,858;19;0;100
ES;Spain;BaP, BaP in PM10, BaP in PM2.5;Benzo(a)pyrene (air+aerosol), Benzo(a)pyrene in PM10 (aerosol), Benzo(a)pyrene in PM10 (air+aerosol), Benzo(a)pyrene in PM2.5 (aerosol);2012;0;0;3611211,109;21;0;100
EU28;EU28;BaP, BaP in PM10, BaP in PM2.5;Benzo(a)pyrene (air+aerosol), Benzo(a)pyrene in PM10 (aerosol), Benzo(a)pyrene in PM10 (air+aerosol), Benzo(a)pyrene in PM2.5 (aerosol);1991;733271,64;2;7079554,842;2;9,38548477544442;90,6145152245556
EU28;EU28;BaP, BaP in PM10, BaP in PM2.5;Benzo(a)pyrene (air+aerosol), Benzo(a)pyrene in PM10 (aerosol), Benzo(a)pyrene in PM10 (air+aerosol), Benzo(a)pyrene in PM2.5 (aerosol);1992;435071,178;1;7504391,19;4;5,47985692020601;94,520143079794
EU28;EU28;BaP, BaP in PM10, BaP in PM2.5;Benzo(a)pyrene (air+aerosol), Benzo(a)pyrene in PM10 (aerosol), Benzo(a)pyrene in PM10 (air+aerosol), Benzo(a)pyrene in PM2.5 (aerosol);1993;0;0;7868589,114;4;0;100
EU28;EU28;BaP, BaP in PM10, BaP in PM2.5;Benzo(a)pyrene (air+aerosol), Benzo(a)pyrene in PM10 (aerosol), Benzo(a)pyrene in PM10 (air+aerosol), Benzo(a)pyrene in PM2.5 (aerosol);1994;0;0;7570388,652;3;0;100
EU28;EU28;BaP, BaP in PM10, BaP in PM2.5;Benzo(a)pyrene (air+aerosol), Benzo(a)pyrene in PM10 (aerosol), Benzo(a)pyrene in PM10 (air+aerosol), Benzo(a)pyrene in PM2.5 (aerosol);1995;0;0;7570388,652;3;0;100
EU28;EU28;BaP, BaP in PM10, BaP in PM2.5;Benzo(a)pyrene (air+aerosol), Benzo(a)pyrene in PM10 (aerosol), Benzo(a)pyrene in PM10 (air+aerosol), Benzo(a)pyrene in PM2.5 (aerosol);1996;0;0;7570388,652;3;0;100
EU28;EU28;BaP, BaP in PM10, BaP in PM2.5;Benzo(a)pyrene (air+aerosol), Benzo(a)pyrene in PM10 (aerosol), Benzo(a)pyrene in PM10 (air+aerosol), Benzo(a)pyrene in PM2.5 (aerosol);1997;0;0;7570388,652;3;0;100
EU28;EU28;BaP, BaP in PM10, BaP in PM2.5;Benzo(a)pyrene (air+aerosol), Benzo(a)pyrene in PM10 (aerosol), Benzo(a)pyrene in PM10 (air+aerosol), Benzo(a)pyrene in PM2.5 (aerosol);1998;0;0;7570388,652;4;0;100
EU28;EU28;BaP, BaP in PM10, BaP in PM2.5;Benzo(a)pyrene (air+aerosol), Benzo(a)pyrene in PM10 (aerosol), Benzo(a)pyrene in PM10 (air+aerosol), Benzo(a)pyrene in PM2.5 (aerosol);1999;0;0;7824390,474;5;0;100
EU28;EU28;BaP, BaP in PM10, BaP in PM2.5;Benzo(a)pyrene (air+aerosol), Benzo(a)pyrene in PM10 (aerosol), Benzo(a)pyrene in PM10 (air+aerosol), Benzo(a)pyrene in PM2.5 (aerosol);2000;0;0;7833820,042;6;0;100
EU28;EU28;BaP, BaP in PM10, BaP in PM2.5;Benzo(a)pyrene (air+aerosol), Benzo(a)pyrene in PM10 (aerosol), Benzo(a)pyrene in PM10 (air+aerosol), Benzo(a)pyrene in PM2.5 (aerosol);2001;0;0;10424508,77;11;0;100
EU28;EU28;BaP, BaP in PM10, BaP in PM2.5;Benzo(a)pyrene (air+aerosol), Benzo(a)pyrene in PM10 (aerosol), Benzo(a)pyrene in PM10 (air+aerosol), Benzo(a)pyrene in PM2.5 (aerosol);2002;0;0;10424508,77;12;0;100
EU28;EU28;BaP, BaP in PM10, BaP in PM2.5;Benzo(a)pyrene (air+aerosol), Benzo(a)pyrene in PM10 (aerosol), Benzo(a)pyrene in PM10 (air+aerosol), Benzo(a)pyrene in PM2.5 (aerosol);2003;9429,568;1;10415079,202;11;0,0904557539165464;99,9095442460835
EU28;EU28;BaP, BaP in PM10, BaP in PM2.5;Benzo(a)pyrene (air+aerosol), Benzo(a)pyrene in PM10 (aerosol), Benzo(a)pyrene in PM10 (air+aerosol), Benzo(a)pyrene in PM2.5 (aerosol);2004;120816,21;1;9347339,158;7;1,27602690602574;98,7239730939743
EU28;EU28;BaP, BaP in PM10, BaP in PM2.5;Benzo(a)pyrene (air+aerosol), Benzo(a)pyrene in PM10 (aerosol), Benzo(a)pyrene in PM10 (air+aerosol), Benzo(a)pyrene in PM2.5 (aerosol);2005;2055094,49;13;365371,802;3;84,9049002166397;15,0950997833603
EU28;EU28;BaP, BaP in PM10, BaP in PM2.5;Benzo(a)pyrene (air+aerosol), Benzo(a)pyrene in PM10 (aerosol), Benzo(a)pyrene in PM10 (air+aerosol), Benzo(a)pyrene in PM2.5 (aerosol);2006;2561546,156;21;2694127,294;25;48,7386855437147;51,2613144562853
EU28;EU28;BaP, BaP in PM10, BaP in PM2.5;Benzo(a)pyrene (air+aerosol), Benzo(a)pyrene in PM10 (aerosol), Benzo(a)pyrene in PM10 (air+aerosol), Benzo(a)pyrene in PM2.5 (aerosol);2007;3226578,374;22;22083848,315;66;12,7480204646344;87,2519795353656
EU28;EU28;BaP, BaP in PM10, BaP in PM2.5;Benzo(a)pyrene (air+aerosol), Benzo(a)pyrene in PM10 (aerosol), Benzo(a)pyrene in PM10 (air+aerosol), Benzo(a)pyrene in PM2.5 (aerosol);2008;10484552,525;57;29647999,642;128;26,1248088119878;73,8751911880123
EU28;EU28;BaP, BaP in PM10, BaP in PM2.5;Benzo(a)pyrene (air+aerosol), Benzo(a)pyrene in PM10 (aerosol), Benzo(a)pyrene in PM10 (air+aerosol), Benzo(a)pyrene in PM2.5 (aerosol);2009;10093972,705;61;41495863,883;160;19,5658163944406;80,4341836055594
EU28;EU28;BaP, BaP in PM10, BaP in PM2.5;Benzo(a)pyrene (air+aerosol), Benzo(a)pyrene in PM10 (aerosol), Benzo(a)pyrene in PM10 (air+aerosol), Benzo(a)pyrene in PM2.5 (aerosol);2010;10661561,268;83;34063130,327;159;23,8381996337609;76,1618003662391
EU28;EU28;BaP, BaP in PM10, BaP in PM2.5;Benzo(a)pyrene (air+aerosol), Benzo(a)pyrene in PM10 (aerosol), Benzo(a)pyrene in PM10 (air+aerosol), Benzo(a)pyrene in PM2.5 (aerosol);2011;14162407,16;85;37007822,82;166;27,6770441827903;72,3229558172097
EU28;EU28;BaP, BaP in PM10, BaP in PM2.5;Benzo(a)pyrene (air+aerosol), Benzo(a)pyrene in PM10 (aerosol), Benzo(a)pyrene in PM10 (air+aerosol), Benzo(a)pyrene in PM2.5 (aerosol);2012;14340216,375;85;42246456,14;186;25,3420385713592;74,6579614286408
FI;Finland;BaP, BaP in PM10, BaP in PM2.5;Benzo(a)pyrene (air+aerosol), Benzo(a)pyrene in PM10 (aerosol), Benzo(a)pyrene in PM10 (air+aerosol), Benzo(a)pyrene in PM2.5 (aerosol);2009;0;0;522438,15;2;0;100
FI;Finland;BaP, BaP in PM10, BaP in PM2.5;Benzo(a)pyrene (air+aerosol), Benzo(a)pyrene in PM10 (aerosol), Benzo(a)pyrene in PM10 (air+aerosol), Benzo(a)pyrene in PM2.5 (aerosol);2010;0;0;522438,15;2;0;100
FI;Finland;BaP, BaP in PM10, BaP in PM2.5;Benzo(a)pyrene (air+aerosol), Benzo(a)pyrene in PM10 (aerosol), Benzo(a)pyrene in PM10 (air+aerosol), Benzo(a)pyrene in PM2.5 (aerosol);2011;182191,256;1;522438,15;2;25,8563231180278;74,1436768819722
FI;Finland;BaP, BaP in PM10, BaP in PM2.5;Benzo(a)pyrene (air+aerosol), Benzo(a)pyrene in PM10 (aerosol), Benzo(a)pyrene in PM10 (air+aerosol), Benzo(a)pyrene in PM2.5 (aerosol);2012;0;0;522438,15;2;0;100
FR;France;BaP, BaP in PM10, BaP in PM2.5;Benzo(a)pyrene (air+aerosol), Benzo(a)pyrene in PM10 (aerosol), Benzo(a)pyrene in PM10 (air+aerosol), Benzo(a)pyrene in PM2.5 (aerosol);2009;0;0;5432237,396;12;0;100
FR;France;BaP, BaP in PM10, BaP in PM2.5;Benzo(a)pyrene (air+aerosol), Benzo(a)pyrene in PM10 (aerosol), Benzo(a)pyrene in PM10 (air+aerosol), Benzo(a)pyrene in PM2.5 (aerosol);2010;0;0;1794447,044;4;0;100
FR;France;BaP, BaP in PM10, BaP in PM2.5;Benzo(a)pyrene (air+aerosol), Benzo(a)pyrene in PM10 (aerosol), Benzo(a)pyrene in PM10 (air+aerosol), Benzo(a)pyrene in PM2.5 (aerosol);2011;595981,38;1;1941315,406;6;23,4888320234525;76,5111679765475
FR;France;BaP, BaP in PM10, BaP in PM2.5;Benzo(a)pyrene (air+aerosol), Benzo(a)pyrene in PM10 (aerosol), Benzo(a)pyrene in PM10 (air+aerosol), Benzo(a)pyrene in PM2.5 (aerosol);2012;0;0;6599972,448;23;0;100
GB;United Kingdom;BaP, BaP in PM10, BaP in PM2.5;Benzo(a)pyrene (air+aerosol), Benzo(a)pyrene in PM10 (aerosol), Benzo(a)pyrene in PM10 (air+aerosol), Benzo(a)pyrene in PM2.5 (aerosol);1991;733271,64;2;7079554,842;2;9,38548477544442;90,6145152245556
GB;United Kingdom;BaP, BaP in PM10, BaP in PM2.5;Benzo(a)pyrene (air+aerosol), Benzo(a)pyrene in PM10 (aerosol), Benzo(a)pyrene in PM10 (air+aerosol), Benzo(a)pyrene in PM2.5 (aerosol);1992;435071,178;1;7504391,19;4;5,47985692020601;94,520143079794
GB;United Kingdom;BaP, BaP in PM10, BaP in PM2.5;Benzo(a)pyrene (air+aerosol), Benzo(a)pyrene in PM10 (aerosol), Benzo(a)pyrene in PM10 (air+aerosol), Benzo(a)pyrene in PM2.5 (aerosol);1993;0;0;7868589,114;4;0;100
GB;United Kingdom;BaP, BaP in PM10, BaP in PM2.5;Benzo(a)pyrene (air+aerosol), Benzo(a)pyrene in PM10 (aerosol), Benzo(a)pyrene in PM10 (air+aerosol), Benzo(a)pyrene in PM2.5 (aerosol);1994;0;0;7570388,652;3;0;100
GB;United Kingdom;BaP, BaP in PM10, BaP in PM2.5;Benzo(a)pyrene (air+aerosol), Benzo(a)pyrene in PM10 (aerosol), Benzo(a)pyrene in PM10 (air+aerosol), Benzo(a)pyrene in PM2.5 (aerosol);1995;0;0;7570388,652;3;0;100
GB;United Kingdom;BaP, BaP in PM10, BaP in PM2.5;Benzo(a)pyrene (air+aerosol), Benzo(a)pyrene in PM10 (aerosol), Benzo(a)pyrene in PM10 (air+aerosol), Benzo(a)pyrene in PM2.5 (aerosol);1996;0;0;7570388,652;3;0;100
GB;United Kingdom;BaP, BaP in PM10, BaP in PM2.5;Benzo(a)pyrene (air+aerosol), Benzo(a)pyrene in PM10 (aerosol), Benzo(a)pyrene in PM10 (air+aerosol), Benzo(a)pyrene in PM2.5 (aerosol);1997;0;0;7570388,652;3;0;100
GB;United Kingdom;BaP, BaP in PM10, BaP in PM2.5;Benzo(a)pyrene (air+aerosol), Benzo(a)pyrene in PM10 (aerosol), Benzo(a)pyrene in PM10 (air+aerosol), Benzo(a)pyrene in PM2.5 (aerosol);1998;0;0;7570388,652;4;0;100
GB;United Kingdom;BaP, BaP in PM10, BaP in PM2.5;Benzo(a)pyrene (air+aerosol), Benzo(a)pyrene in PM10 (aerosol), Benzo(a)pyrene in PM10 (air+aerosol), Benzo(a)pyrene in PM2.5 (aerosol);1999;0;0;7824390,474;5;0;100
GB;United Kingdom;BaP, BaP in PM10, BaP in PM2.5;Benzo(a)pyrene (air+aerosol), Benzo(a)pyrene in PM10 (aerosol), Benzo(a)pyrene in PM10 (air+aerosol), Benzo(a)pyrene in PM2.5 (aerosol);2000;0;0;7824390,474;5;0;100
GB;United Kingdom;BaP, BaP in PM10, BaP in PM2.5;Benzo(a)pyrene (air+aerosol), Benzo(a)pyrene in PM10 (aerosol), Benzo(a)pyrene in PM10 (air+aerosol), Benzo(a)pyrene in PM2.5 (aerosol);2001;0;0;10415079,202;10;0;100
GB;United Kingdom;BaP, BaP in PM10, BaP in PM2.5;Benzo(a)pyrene (air+aerosol), Benzo(a)pyrene in PM10 (aerosol), Benzo(a)pyrene in PM10 (air+aerosol), Benzo(a)pyrene in PM2.5 (aerosol);2002;0;0;10415079,202;11;0;100
GB;United Kingdom;BaP, BaP in PM10, BaP in PM2.5;Benzo(a)pyrene (air+aerosol), Benzo(a)pyrene in PM10 (aerosol), Benzo(a)pyrene in PM10 (air+aerosol), Benzo(a)pyrene in PM2.5 (aerosol);2003;0;0;10415079,202;11;0;100
GB;United Kingdom;BaP, BaP in PM10, BaP in PM2.5;Benzo(a)pyrene (air+aerosol), Benzo(a)pyrene in PM10 (aerosol), Benzo(a)pyrene in PM10 (air+aerosol), Benzo(a)pyrene in PM2.5 (aerosol);2004;120816,21;1;9347339,158;7;1,27602690602574;98,7239730939743
GB;United Kingdom;BaP, BaP in PM10, BaP in PM2.5;Benzo(a)pyrene (air+aerosol), Benzo(a)pyrene in PM10 (aerosol), Benzo(a)pyrene in PM10 (air+aerosol), Benzo(a)pyrene in PM2.5 (aerosol);2005;0;0;265358,574;1;0;100
GB;United Kingdom;BaP, BaP in PM10, BaP in PM2.5;Benzo(a)pyrene (air+aerosol), Benzo(a)pyrene in PM10 (aerosol), Benzo(a)pyrene in PM10 (air+aerosol), Benzo(a)pyrene in PM2.5 (aerosol);2006;0;0;265358,574;1;0;100
GB;United Kingdom;BaP, BaP in PM10, BaP in PM2.5;Benzo(a)pyrene (air+aerosol), Benzo(a)pyrene in PM10 (aerosol), Benzo(a)pyrene in PM10 (air+aerosol), Benzo(a)pyrene in PM2.5 (aerosol);2007;0;0;9569306,386;6;0;100
GB;United Kingdom;BaP, BaP in PM10, BaP in PM2.5;Benzo(a)pyrene (air+aerosol), Benzo(a)pyrene in PM10 (aerosol), Benzo(a)pyrene in PM10 (air+aerosol), Benzo(a)pyrene in PM2.5 (aerosol);2008;126635,886;1;10217494,702;12;1,22422938228281;98,7757706177172
GB;United Kingdom;BaP, BaP in PM10, BaP in PM2.5;Benzo(a)pyrene (air+aerosol), Benzo(a)pyrene in PM10 (aerosol), Benzo(a)pyrene in PM10 (air+aerosol), Benzo(a)pyrene in PM2.5 (aerosol);2009;99171,876;1;11725587,718;15;0,838679849781646;99,1613201502184
GB;United Kingdom;BaP, BaP in PM10, BaP in PM2.5;Benzo(a)pyrene (air+aerosol), Benzo(a)pyrene in PM10 (aerosol), Benzo(a)pyrene in PM10 (air+aerosol), Benzo(a)pyrene in PM2.5 (aerosol);2010;219988,086;4;11604771,508;25;1,86040218620279;98,1395978137972
GB;United Kingdom;BaP, BaP in PM10, BaP in PM2.5;Benzo(a)pyrene (air+aerosol), Benzo(a)pyrene in PM10 (aerosol), Benzo(a)pyrene in PM10 (air+aerosol), Benzo(a)pyrene in PM2.5 (aerosol);2011;0;0;11589464,95;15;0;100
GB;United Kingdom;BaP, BaP in PM10, BaP in PM2.5;Benzo(a)pyrene (air+aerosol), Benzo(a)pyrene in PM10 (aerosol), Benzo(a)pyrene in PM10 (air+aerosol), Benzo(a)pyrene in PM2.5 (aerosol);2012;0;0;11154393,772;13;0;100
HU;Hungary;BaP, BaP in PM10, BaP in PM2.5;Benzo(a)pyrene (air+aerosol), Benzo(a)pyrene in PM10 (aerosol), Benzo(a)pyrene in PM10 (air+aerosol), Benzo(a)pyrene in PM2.5 (aerosol);2008;2119851,404;6;79579,178;1;96,3818281581028;3,61817184189721
HU;Hungary;BaP, BaP in PM10, BaP in PM2.5;Benzo(a)pyrene (air+aerosol), Benzo(a)pyrene in PM10 (aerosol), Benzo(a)pyrene in PM10 (air+aerosol), Benzo(a)pyrene in PM2.5 (aerosol);2009;112555,128;2;2086875,454;5;5,1174667171196;94,8825332828804
HU;Hungary;BaP, BaP in PM10, BaP in PM2.5;Benzo(a)pyrene (air+aerosol), Benzo(a)pyrene in PM10 (aerosol), Benzo(a)pyrene in PM10 (air+aerosol), Benzo(a)pyrene in PM2.5 (aerosol);2010;314664,598;4;1892070,818;4;14,2592807329105;85,7407192670895
HU;Hungary;BaP, BaP in PM10, BaP in PM2.5;Benzo(a)pyrene (air+aerosol), Benzo(a)pyrene in PM10 (aerosol), Benzo(a)pyrene in PM10 (air+aerosol), Benzo(a)pyrene in PM2.5 (aerosol);2011;2199430,582;7;0;0;100;0
HU;Hungary;BaP, BaP in PM10, BaP in PM2.5;Benzo(a)pyrene (air+aerosol), Benzo(a)pyrene in PM10 (aerosol), Benzo(a)pyrene in PM10 (air+aerosol), Benzo(a)pyrene in PM2.5 (aerosol);2012;2011930,78;7;0;0;100;0
IE;Ireland;BaP, BaP in PM10, BaP in PM2.5;Benzo(a)pyrene (air+aerosol), Benzo(a)pyrene in PM10 (aerosol), Benzo(a)pyrene in PM10 (air+aerosol), Benzo(a)pyrene in PM2.5 (aerosol);2009;0;0;607477,962;4;0;100
IE;Ireland;BaP, BaP in PM10, BaP in PM2.5;Benzo(a)pyrene (air+aerosol), Benzo(a)pyrene in PM10 (aerosol), Benzo(a)pyrene in PM10 (air+aerosol), Benzo(a)pyrene in PM2.5 (aerosol);2010;107767,32;1;499710,642;3;17,740120093443;82,259879906557
IE;Ireland;BaP, BaP in PM10, BaP in PM2.5;Benzo(a)pyrene (air+aerosol), Benzo(a)pyrene in PM10 (aerosol), Benzo(a)pyrene in PM10 (air+aerosol), Benzo(a)pyrene in PM2.5 (aerosol);2011;0;0;607477,962;4;0;100
IE;Ireland;BaP, BaP in PM10, BaP in PM2.5;Benzo(a)pyrene (air+aerosol), Benzo(a)pyrene in PM10 (aerosol), Benzo(a)pyrene in PM10 (air+aerosol), Benzo(a)pyrene in PM2.5 (aerosol);2012;0;0;607477,962;4;0;100
IT;Italy;BaP, BaP in PM10, BaP in PM2.5;Benzo(a)pyrene (air+aerosol), Benzo(a)pyrene in PM10 (aerosol), Benzo(a)pyrene in PM10 (air+aerosol), Benzo(a)pyrene in PM2.5 (aerosol);2007;0;0;1091550,431;6;0;100
IT;Italy;BaP, BaP in PM10, BaP in PM2.5;Benzo(a)pyrene (air+aerosol), Benzo(a)pyrene in PM10 (aerosol), Benzo(a)pyrene in PM10 (air+aerosol), Benzo(a)pyrene in PM2.5 (aerosol);2008;0;0;2520011,283;10;0;100
IT;Italy;BaP, BaP in PM10, BaP in PM2.5;Benzo(a)pyrene (air+aerosol), Benzo(a)pyrene in PM10 (aerosol), Benzo(a)pyrene in PM10 (air+aerosol), Benzo(a)pyrene in PM2.5 (aerosol);2009;5485,06;1;2583892,387;11;0,211829295352629;99,7881707046474
IT;Italy;BaP, BaP in PM10, BaP in PM2.5;Benzo(a)pyrene (air+aerosol), Benzo(a)pyrene in PM10 (aerosol), Benzo(a)pyrene in PM10 (air+aerosol), Benzo(a)pyrene in PM2.5 (aerosol);2010;545258,368;4;3298275,886;21;14,1863798256135;85,8136201743865
IT;Italy;BaP, BaP in PM10, BaP in PM2.5;Benzo(a)pyrene (air+aerosol), Benzo(a)pyrene in PM10 (aerosol), Benzo(a)pyrene in PM10 (air+aerosol), Benzo(a)pyrene in PM2.5 (aerosol);2011;786661,389;8;3074854,64;18;20,3718276213842;79,6281723786158
IT;Italy;BaP, BaP in PM10, BaP in PM2.5;Benzo(a)pyrene (air+aerosol), Benzo(a)pyrene in PM10 (aerosol), Benzo(a)pyrene in PM10 (air+aerosol), Benzo(a)pyrene in PM2.5 (aerosol);2012;768679,614;6;3254580,805;19;19,1058876121934;80,8941123878066
LT;Lithuania;BaP, BaP in PM10, BaP in PM2.5;Benzo(a)pyrene (air+aerosol), Benzo(a)pyrene in PM10 (aerosol), Benzo(a)pyrene in PM10 (air+aerosol), Benzo(a)pyrene in PM2.5 (aerosol);2007;2832,887;1;535192,114;3;0,526534453740004;99,47346554626
LT;Lithuania;BaP, BaP in PM10, BaP in PM2.5;Benzo(a)pyrene (air+aerosol), Benzo(a)pyrene in PM10 (aerosol), Benzo(a)pyrene in PM10 (air+aerosol), Benzo(a)pyrene in PM2.5 (aerosol);2008;0;0;538025,001;4;0;100
LT;Lithuania;BaP, BaP in PM10, BaP in PM2.5;Benzo(a)pyrene (air+aerosol), Benzo(a)pyrene in PM10 (aerosol), Benzo(a)pyrene in PM10 (air+aerosol), Benzo(a)pyrene in PM2.5 (aerosol);2009;8248,904;1;19398,499;3;29,8360898490176;70,1639101509824
LT;Lithuania;BaP, BaP in PM10, BaP in PM2.5;Benzo(a)pyrene (air+aerosol), Benzo(a)pyrene in PM10 (aerosol), Benzo(a)pyrene in PM10 (air+aerosol), Benzo(a)pyrene in PM2.5 (aerosol);2010;23386,492;3;4260,911;1;84,5883861135167;15,4116138864833
LT;Lithuania;BaP, BaP in PM10, BaP in PM2.5;Benzo(a)pyrene (air+aerosol), Benzo(a)pyrene in PM10 (aerosol), Benzo(a)pyrene in PM10 (air+aerosol), Benzo(a)pyrene in PM2.5 (aerosol);2011;23386,492;3;4260,911;1;84,5883861135167;15,4116138864833
LT;Lithuania;BaP, BaP in PM10, BaP in PM2.5;Benzo(a)pyrene (air+aerosol), Benzo(a)pyrene in PM10 (aerosol), Benzo(a)pyrene in PM10 (air+aerosol), Benzo(a)pyrene in PM2.5 (aerosol);2012;27647,403;4;0;0;100;0
LU;Luxembourg;BaP, BaP in PM10, BaP in PM2.5;Benzo(a)pyrene (air+aerosol), Benzo(a)pyrene in PM10 (aerosol), Benzo(a)pyrene in PM10 (air+aerosol), Benzo(a)pyrene in PM2.5 (aerosol);2008;0;0;7705,789;1;0;100
LU;Luxembourg;BaP, BaP in PM10, BaP in PM2.5;Benzo(a)pyrene (air+aerosol), Benzo(a)pyrene in PM10 (aerosol), Benzo(a)pyrene in PM10 (air+aerosol), Benzo(a)pyrene in PM2.5 (aerosol);2009;0;0;7705,789;1;0;100
LU;Luxembourg;BaP, BaP in PM10, BaP in PM2.5;Benzo(a)pyrene (air+aerosol), Benzo(a)pyrene in PM10 (aerosol), Benzo(a)pyrene in PM10 (air+aerosol), Benzo(a)pyrene in PM2.5 (aerosol);2010;0;0;7705,789;1;0;100
LU;Luxembourg;BaP, BaP in PM10, BaP in PM2.5;Benzo(a)pyrene (air+aerosol), Benzo(a)pyrene in PM10 (aerosol), Benzo(a)pyrene in PM10 (air+aerosol), Benzo(a)pyrene in PM2.5 (aerosol);2011;0;0;7705,789;1;0;100
LU;Luxembourg;BaP, BaP in PM10, BaP in PM2.5;Benzo(a)pyrene (air+aerosol), Benzo(a)pyrene in PM10 (aerosol), Benzo(a)pyrene in PM10 (air+aerosol), Benzo(a)pyrene in PM2.5 (aerosol);2012;0;0;7705,789;1;0;100
LV;Latvia;BaP, BaP in PM10, BaP in PM2.5;Benzo(a)pyrene (air+aerosol), Benzo(a)pyrene in PM10 (aerosol), Benzo(a)pyrene in PM10 (air+aerosol), Benzo(a)pyrene in PM2.5 (aerosol);2008;0;0;27592,066;1;0;100
LV;Latvia;BaP, BaP in PM10, BaP in PM2.5;Benzo(a)pyrene (air+aerosol), Benzo(a)pyrene in PM10 (aerosol), Benzo(a)pyrene in PM10 (air+aerosol), Benzo(a)pyrene in PM2.5 (aerosol);2009;27592,066;1;0;0;100;0
LV;Latvia;BaP, BaP in PM10, BaP in PM2.5;Benzo(a)pyrene (air+aerosol), Benzo(a)pyrene in PM10 (aerosol), Benzo(a)pyrene in PM10 (air+aerosol), Benzo(a)pyrene in PM2.5 (aerosol);2010;27592,066;1;0;0;100;0
LV;Latvia;BaP, BaP in PM10, BaP in PM2.5;Benzo(a)pyrene (air+aerosol), Benzo(a)pyrene in PM10 (aerosol), Benzo(a)pyrene in PM10 (air+aerosol), Benzo(a)pyrene in PM2.5 (aerosol);2011;0;0;726107;2;0;100
LV;Latvia;BaP, BaP in PM10, BaP in PM2.5;Benzo(a)pyrene (air+aerosol), Benzo(a)pyrene in PM10 (aerosol), Benzo(a)pyrene in PM10 (air+aerosol), Benzo(a)pyrene in PM2.5 (aerosol);2012;0;0;729366,754;3;0;100
MT;Malta;BaP, BaP in PM10, BaP in PM2.5;Benzo(a)pyrene (air+aerosol), Benzo(a)pyrene in PM10 (aerosol), Benzo(a)pyrene in PM10 (air+aerosol), Benzo(a)pyrene in PM2.5 (aerosol);2008;0;0;9793,15;1;0;100
MT;Malta;BaP, BaP in PM10, BaP in PM2.5;Benzo(a)pyrene (air+aerosol), Benzo(a)pyrene in PM10 (aerosol), Benzo(a)pyrene in PM10 (air+aerosol), Benzo(a)pyrene in PM2.5 (aerosol);2009;0;0;9793,15;1;0;100
MT;Malta;BaP, BaP in PM10, BaP in PM2.5;Benzo(a)pyrene (air+aerosol), Benzo(a)pyrene in PM10 (aerosol), Benzo(a)pyrene in PM10 (air+aerosol), Benzo(a)pyrene in PM2.5 (aerosol);2012;0;0;9793,15;1;0;100
NL;Netherlands;BaP, BaP in PM10, BaP in PM2.5;Benzo(a)pyrene (air+aerosol), Benzo(a)pyrene in PM10 (aerosol), Benzo(a)pyrene in PM10 (air+aerosol), Benzo(a)pyrene in PM2.5 (aerosol);2008;0;0;595470,952;4;0;100
NL;Netherlands;BaP, BaP in PM10, BaP in PM2.5;Benzo(a)pyrene (air+aerosol), Benzo(a)pyrene in PM10 (aerosol), Benzo(a)pyrene in PM10 (air+aerosol), Benzo(a)pyrene in PM2.5 (aerosol);2009;0;0;608993;2;0;100
NL;Netherlands;BaP, BaP in PM10, BaP in PM2.5;Benzo(a)pyrene (air+aerosol), Benzo(a)pyrene in PM10 (aerosol), Benzo(a)pyrene in PM10 (air+aerosol), Benzo(a)pyrene in PM2.5 (aerosol);2010;0;0;608993;2;0;100
NL;Netherlands;BaP, BaP in PM10, BaP in PM2.5;Benzo(a)pyrene (air+aerosol), Benzo(a)pyrene in PM10 (aerosol), Benzo(a)pyrene in PM10 (air+aerosol), Benzo(a)pyrene in PM2.5 (aerosol);2011;0;0;608993;2;0;100
NL;Netherlands;BaP, BaP in PM10, BaP in PM2.5;Benzo(a)pyrene (air+aerosol), Benzo(a)pyrene in PM10 (aerosol), Benzo(a)pyrene in PM10 (air+aerosol), Benzo(a)pyrene in PM2.5 (aerosol);2012;0;0;608993;2;0;100
NO;Norway;BaP, BaP in PM10, BaP in PM2.5;Benzo(a)pyrene (air+aerosol), Benzo(a)pyrene in PM10 (aerosol), Benzo(a)pyrene in PM10 (air+aerosol), Benzo(a)pyrene in PM2.5 (aerosol);2009;0;0;399253,275;3;0;100
NO;Norway;BaP, BaP in PM10, BaP in PM2.5;Benzo(a)pyrene (air+aerosol), Benzo(a)pyrene in PM10 (aerosol), Benzo(a)pyrene in PM10 (air+aerosol), Benzo(a)pyrene in PM2.5 (aerosol);2010;0;0;402235,781;4;0;100
NO;Norway;BaP, BaP in PM10, BaP in PM2.5;Benzo(a)pyrene (air+aerosol), Benzo(a)pyrene in PM10 (aerosol), Benzo(a)pyrene in PM10 (air+aerosol), Benzo(a)pyrene in PM2.5 (aerosol);2011;0;0;399253,275;3;0;100
NO;Norway;BaP, BaP in PM10, BaP in PM2.5;Benzo(a)pyrene (air+aerosol), Benzo(a)pyrene in PM10 (aerosol), Benzo(a)pyrene in PM10 (air+aerosol), Benzo(a)pyrene in PM2.5 (aerosol);2012;0;0;399253,275;3;0;100
PL;Poland;BaP, BaP in PM10, BaP in PM2.5;Benzo(a)pyrene (air+aerosol), Benzo(a)pyrene in PM10 (aerosol), Benzo(a)pyrene in PM10 (air+aerosol), Benzo(a)pyrene in PM2.5 (aerosol);2007;834210,134;5;246080,772;1;77,2208790582932;22,7791209417068
PL;Poland;BaP, BaP in PM10, BaP in PM2.5;Benzo(a)pyrene (air+aerosol), Benzo(a)pyrene in PM10 (aerosol), Benzo(a)pyrene in PM10 (air+aerosol), Benzo(a)pyrene in PM2.5 (aerosol);2008;5920609,186;32;792910,188;3;88,1893513099736;11,8106486900264
PL;Poland;BaP, BaP in PM10, BaP in PM2.5;Benzo(a)pyrene (air+aerosol), Benzo(a)pyrene in PM10 (aerosol), Benzo(a)pyrene in PM10 (air+aerosol), Benzo(a)pyrene in PM2.5 (aerosol);2009;7694003,686;34;584367,21;3;92,9410361369245;7,05896386307551
PL;Poland;BaP, BaP in PM10, BaP in PM2.5;Benzo(a)pyrene (air+aerosol), Benzo(a)pyrene in PM10 (aerosol), Benzo(a)pyrene in PM10 (air+aerosol), Benzo(a)pyrene in PM2.5 (aerosol);2010;6711907,228;41;402872,232;3;94,3375302879733;5,66246971202675
PL;Poland;BaP, BaP in PM10, BaP in PM2.5;Benzo(a)pyrene (air+aerosol), Benzo(a)pyrene in PM10 (aerosol), Benzo(a)pyrene in PM10 (air+aerosol), Benzo(a)pyrene in PM2.5 (aerosol);2011;8006513,752;41;533101,59;4;93,7573114402698;6,24268855973021
PL;Poland;BaP, BaP in PM10, BaP in PM2.5;Benzo(a)pyrene (air+aerosol), Benzo(a)pyrene in PM10 (aerosol), Benzo(a)pyrene in PM10 (air+aerosol), Benzo(a)pyrene in PM2.5 (aerosol);2012;9024150,838;46;541841,364;5;94,3357536514956;5,66424634850439
PT;Portugal;BaP, BaP in PM10, BaP in PM2.5;Benzo(a)pyrene (air+aerosol), Benzo(a)pyrene in PM10 (aerosol), Benzo(a)pyrene in PM10 (air+aerosol), Benzo(a)pyrene in PM2.5 (aerosol);2009;0;0;90081,68;1;0;100
SE;Sweden;BaP, BaP in PM10, BaP in PM2.5;Benzo(a)pyrene (air+aerosol), Benzo(a)pyrene in PM10 (aerosol), Benzo(a)pyrene in PM10 (air+aerosol), Benzo(a)pyrene in PM2.5 (aerosol);2008;0;0;180427,308;1;0;100
SE;Sweden;BaP, BaP in PM10, BaP in PM2.5;Benzo(a)pyrene (air+aerosol), Benzo(a)pyrene in PM10 (aerosol), Benzo(a)pyrene in PM10 (air+aerosol), Benzo(a)pyrene in PM2.5 (aerosol);2009;0;0;180427,308;1;0;100
SE;Sweden;BaP, BaP in PM10, BaP in PM2.5;Benzo(a)pyrene (air+aerosol), Benzo(a)pyrene in PM10 (aerosol), Benzo(a)pyrene in PM10 (air+aerosol), Benzo(a)pyrene in PM2.5 (aerosol);2010;0;0;180427,308;1;0;100
SI;Slovenia;BaP, BaP in PM10, BaP in PM2.5;Benzo(a)pyrene (air+aerosol), Benzo(a)pyrene in PM10 (aerosol), Benzo(a)pyrene in PM10 (air+aerosol), Benzo(a)pyrene in PM2.5 (aerosol);2008;0;0;245658,098;3;0;100
SI;Slovenia;BaP, BaP in PM10, BaP in PM2.5;Benzo(a)pyrene (air+aerosol), Benzo(a)pyrene in PM10 (aerosol), Benzo(a)pyrene in PM10 (air+aerosol), Benzo(a)pyrene in PM2.5 (aerosol);2009;0;0;245658,098;2;0;100
SI;Slovenia;BaP, BaP in PM10, BaP in PM2.5;Benzo(a)pyrene (air+aerosol), Benzo(a)pyrene in PM10 (aerosol), Benzo(a)pyrene in PM10 (air+aerosol), Benzo(a)pyrene in PM2.5 (aerosol);2010;245658,098;2;0;0;100;0
SI;Slovenia;BaP, BaP in PM10, BaP in PM2.5;Benzo(a)pyrene (air+aerosol), Benzo(a)pyrene in PM10 (aerosol), Benzo(a)pyrene in PM10 (air+aerosol), Benzo(a)pyrene in PM2.5 (aerosol);2011;245658,098;2;0;0;100;0
SI;Slovenia;BaP, BaP in PM10, BaP in PM2.5;Benzo(a)pyrene (air+aerosol), Benzo(a)pyrene in PM10 (aerosol), Benzo(a)pyrene in PM10 (air+aerosol), Benzo(a)pyrene in PM2.5 (aerosol);2012;245658,098;2;0;0;100;0
SK;Slovakia;BaP, BaP in PM10, BaP in PM2.5;Benzo(a)pyrene (air+aerosol), Benzo(a)pyrene in PM10 (aerosol), Benzo(a)pyrene in PM10 (air+aerosol), Benzo(a)pyrene in PM2.5 (aerosol);2008;0;0;429871,767;3;0;100
SK;Slovakia;BaP, BaP in PM10, BaP in PM2.5;Benzo(a)pyrene (air+aerosol), Benzo(a)pyrene in PM10 (aerosol), Benzo(a)pyrene in PM10 (air+aerosol), Benzo(a)pyrene in PM2.5 (aerosol);2009;53711,394;1;508567,946;4;9,55243954010475;90,4475604598953
SK;Slovakia;BaP, BaP in PM10, BaP in PM2.5;Benzo(a)pyrene (air+aerosol), Benzo(a)pyrene in PM10 (aerosol), Benzo(a)pyrene in PM10 (air+aerosol), Benzo(a)pyrene in PM2.5 (aerosol);2010;455369,985;2;28213,176;2;94,1658067783713;5,83419322162874