PM2.5 measurements at country level;;;;;;;;;;;
PM2.5: percentage of population and exceedances. Results are shown at country level  (including EU28 and EEA33 aggregates).;;;;;;;;;;;
;;;;;;;;;;;
tot_pop_exc: sum of total population assigned to each stations for stations having above_TV?=1;;;;;;;;;;;
nb_of_station_exc: count of stations having above_TV?=1;;;;;;;;;;;
tot_pop_no_exc: sum of total population assigned to each stations for stations having above_TV?=0;;;;;;;;;;;
nb_of_station_no_exc: count of stations having above_TV?=0;;;;;;;;;;;
percentage_pop_exc=(tot_pop_exc)/(tot_pop_exc+tot_pop_no_exc)*100;;;;;;;;;;;
percentage_pop_no_exc=(tot_pop_no_exc)/(tot_pop_exc+tot_pop_no_exc)*100;;;;;;;;;;;
Note: one station (station_european_code) can be counted several times if the same station shows several concentration statistics for the same year (distinct measurements recorded under different measurement_european_group_code);;;;;;;;;;;
;;;;;;;;;;;
country_iso_code;country_name;component_caption;component_name;statistics_year;tot_pop_exc;nb_of_station_exc;tot_pop_no_exc;nb_of_station_no_exc;percentage_pop_exc;percentage_pop_no_exc;
AT;Austria;PM2.5;Particulate matter < 2.5 µm (aerosol);2005;9429,568;1;292683,32;4;3,12120679869837;96,8787932013016;
AT;Austria;PM2.5;Particulate matter < 2.5 µm (aerosol);2006;15396,672;2;286716,216;3;5,09633074640629;94,9036692535937;
AT;Austria;PM2.5;Particulate matter < 2.5 µm (aerosol);2007;0;0;534151,032;7;0;100;
AT;Austria;PM2.5;Particulate matter < 2.5 µm (aerosol);2008;0;0;672058,464;7;0;100;
AT;Austria;PM2.5;Particulate matter < 2.5 µm (aerosol);2009;0;0;672058,464;9;0;100;
AT;Austria;PM2.5;Particulate matter < 2.5 µm (aerosol);2010;0;0;687924,32;10;0;100;
AT;Austria;PM2.5;Particulate matter < 2.5 µm (aerosol);2011;0;0;2300371,696;14;0;100;
AT;Austria;PM2.5;Particulate matter < 2.5 µm (aerosol);2012;0;0;2318226,096;16;0;100;
BE;Belgium;PM2.5;Particulate matter < 2.5 µm (aerosol);2000;0;0;929298,412;1;0;100;
BE;Belgium;PM2.5;Particulate matter < 2.5 µm (aerosol);2001;0;0;1003562;2;0;100;
BE;Belgium;PM2.5;Particulate matter < 2.5 µm (aerosol);2002;0;0;1003562;2;0;100;
BE;Belgium;PM2.5;Particulate matter < 2.5 µm (aerosol);2003;0;0;1029824,896;3;0;100;
BE;Belgium;PM2.5;Particulate matter < 2.5 µm (aerosol);2004;0;0;1029824,896;3;0;100;
BE;Belgium;PM2.5;Particulate matter < 2.5 µm (aerosol);2005;0;0;929298,412;1;0;100;
BE;Belgium;PM2.5;Particulate matter < 2.5 µm (aerosol);2006;0;0;1037757,252;4;0;100;
BE;Belgium;PM2.5;Particulate matter < 2.5 µm (aerosol);2007;0;0;1037757,252;4;0;100;
BE;Belgium;PM2.5;Particulate matter < 2.5 µm (aerosol);2008;0;0;1645767,926;10;0;100;
BE;Belgium;PM2.5;Particulate matter < 2.5 µm (aerosol);2009;0;0;2412699,952;15;0;100;
BE;Belgium;PM2.5;Particulate matter < 2.5 µm (aerosol);2010;0;0;2412699,952;15;0;100;
BE;Belgium;PM2.5;Particulate matter < 2.5 µm (aerosol);2011;0;0;2412699,952;13;0;100;
BE;Belgium;PM2.5;Particulate matter < 2.5 µm (aerosol);2012;0;0;2412699,952;19;0;100;
BG;Bulgaria;PM2.5;Particulate matter < 2.5 µm (aerosol);2006;75465,776;1;0;0;100;0;
BG;Bulgaria;PM2.5;Particulate matter < 2.5 µm (aerosol);2007;75465,776;1;0;0;100;0;
BG;Bulgaria;PM2.5;Particulate matter < 2.5 µm (aerosol);2008;75465,776;1;0;0;100;0;
BG;Bulgaria;PM2.5;Particulate matter < 2.5 µm (aerosol);2009;273481,98;3;1260451,208;2;17,8288065047068;82,1711934952932;
BG;Bulgaria;PM2.5;Particulate matter < 2.5 µm (aerosol);2010;1729921,136;5;145992,196;2;92,2175404636444;7,78245953635559;
BG;Bulgaria;PM2.5;Particulate matter < 2.5 µm (aerosol);2011;1729921,136;5;145992,196;2;92,2175404636444;7,78245953635559;
BG;Bulgaria;PM2.5;Particulate matter < 2.5 µm (aerosol);2012;1666678,88;4;145992,196;2;91,9460183409469;8,05398165905307;
CH;Switzerland;PM2.5;Particulate matter < 2.5 µm (aerosol);1998;0;0;328029,7;2;0;100;
CH;Switzerland;PM2.5;Particulate matter < 2.5 µm (aerosol);1999;0;0;371924,45;3;0;100;
CH;Switzerland;PM2.5;Particulate matter < 2.5 µm (aerosol);2000;0;0;371924,45;3;0;100;
CH;Switzerland;PM2.5;Particulate matter < 2.5 µm (aerosol);2001;0;0;371924,45;3;0;100;
CH;Switzerland;PM2.5;Particulate matter < 2.5 µm (aerosol);2002;43894,75;1;328029,7;2;11,8020608755353;88,1979391244647;
CH;Switzerland;PM2.5;Particulate matter < 2.5 µm (aerosol);2003;43894,75;1;6209,6;1;87,6066648903738;12,3933351096262;
CH;Switzerland;PM2.5;Particulate matter < 2.5 µm (aerosol);2004;0;0;50104,35;2;0;100;
CH;Switzerland;PM2.5;Particulate matter < 2.5 µm (aerosol);2005;0;0;50104,35;2;0;100;
CH;Switzerland;PM2.5;Particulate matter < 2.5 µm (aerosol);2006;0;0;50104,35;2;0;100;
CH;Switzerland;PM2.5;Particulate matter < 2.5 µm (aerosol);2007;0;0;50104,35;2;0;100;
CH;Switzerland;PM2.5;Particulate matter < 2.5 µm (aerosol);2008;0;0;328029,7;2;0;100;
CH;Switzerland;PM2.5;Particulate matter < 2.5 µm (aerosol);2009;0;0;328029,7;2;0;100;
CY;Cyprus;PM2.5;Particulate matter < 2.5 µm (aerosol);2007;12519,95;1;0;0;100;0;
CY;Cyprus;PM2.5;Particulate matter < 2.5 µm (aerosol);2008;0;0;12519,95;1;0;100;
CY;Cyprus;PM2.5;Particulate matter < 2.5 µm (aerosol);2009;0;0;411205,6;2;0;100;
CY;Cyprus;PM2.5;Particulate matter < 2.5 µm (aerosol);2010;0;0;411205,6;2;0;100;
CY;Cyprus;PM2.5;Particulate matter < 2.5 µm (aerosol);2011;0;0;411205,6;2;0;100;
CY;Cyprus;PM2.5;Particulate matter < 2.5 µm (aerosol);2012;0;0;411205,6;2;0;100;
CZ;Czech Republic;PM2.5;Particulate matter < 2.5 µm (aerosol);2004;390417,37;2;2122916,96;11;15,5338414527605;84,4661585472395;
CZ;Czech Republic;PM2.5;Particulate matter < 2.5 µm (aerosol);2005;882301,225;7;1642554,68;10;34,9446169681513;65,0553830318487;
CZ;Czech Republic;PM2.5;Particulate matter < 2.5 µm (aerosol);2006;960304,61;8;1564551,295;10;38,0340362433475;61,9659637566525;
CZ;Czech Republic;PM2.5;Particulate matter < 2.5 µm (aerosol);2007;147468,7125;1;2281907,2475;16;6,0702301713729;93,9297698286271;
CZ;Czech Republic;PM2.5;Particulate matter < 2.5 µm (aerosol);2008;147468,7125;1;2281907,2475;16;6,0702301713729;93,9297698286271;
CZ;Czech Republic;PM2.5;Particulate matter < 2.5 µm (aerosol);2009;294937,425;2;2134438,535;15;12,1404603427458;87,8595396572542;
CZ;Czech Republic;PM2.5;Particulate matter < 2.5 µm (aerosol);2010;368939,42;3;1995755,345;13;15,6019891218392;84,3980108781608;
CZ;Czech Republic;PM2.5;Particulate matter < 2.5 µm (aerosol);2011;294937,425;2;2288952,76;18;11,4144721285824;88,5855278714177;
CZ;Czech Republic;PM2.5;Particulate matter < 2.5 µm (aerosol);2012;294937,425;2;2474431,905;21;10,6499852441133;89,3500147558867;
DE;Germany;PM2.5;Particulate matter < 2.5 µm (aerosol);2003;0;0;879400,614;4;0;100;
DE;Germany;PM2.5;Particulate matter < 2.5 µm (aerosol);2004;0;0;894069,132;5;0;100;
DE;Germany;PM2.5;Particulate matter < 2.5 µm (aerosol);2005;0;0;2591658,522;10;0;100;
DE;Germany;PM2.5;Particulate matter < 2.5 µm (aerosol);2006;10460,95;2;2469173,268;11;0,421874723459716;99,5781252765403;
DE;Germany;PM2.5;Particulate matter < 2.5 µm (aerosol);2007;18267,804;1;3168647,342;16;0,573212751614316;99,4267872483857;
DE;Germany;PM2.5;Particulate matter < 2.5 µm (aerosol);2008;0;0;11751205,322;38;0;100;
DE;Germany;PM2.5;Particulate matter < 2.5 µm (aerosol);2009;18267,804;1;14578466,662;56;0,125149937080454;99,8748500629195;
DE;Germany;PM2.5;Particulate matter < 2.5 µm (aerosol);2010;24818,042;2;15783220,138;74;0,156996343995419;99,8430036560046;
DE;Germany;PM2.5;Particulate matter < 2.5 µm (aerosol);2011;0;0;16014094,234;87;0;100;
DE;Germany;PM2.5;Particulate matter < 2.5 µm (aerosol);2012;0;0;16184252,532;88;0;100;
DK;Denmark;PM2.5;Particulate matter < 2.5 µm (aerosol);2004;0;0;489882;2;0;100;
DK;Denmark;PM2.5;Particulate matter < 2.5 µm (aerosol);2005;0;0;489882;2;0;100;
DK;Denmark;PM2.5;Particulate matter < 2.5 µm (aerosol);2006;0;0;457549,788;1;0;100;
DK;Denmark;PM2.5;Particulate matter < 2.5 µm (aerosol);2007;0;0;489882;2;0;100;
DK;Denmark;PM2.5;Particulate matter < 2.5 µm (aerosol);2008;0;0;974328;7;0;100;
DK;Denmark;PM2.5;Particulate matter < 2.5 µm (aerosol);2009;0;0;688829,992;5;0;100;
DK;Denmark;PM2.5;Particulate matter < 2.5 µm (aerosol);2010;0;0;974328;7;0;100;
DK;Denmark;PM2.5;Particulate matter < 2.5 µm (aerosol);2011;0;0;974328;7;0;100;
DK;Denmark;PM2.5;Particulate matter < 2.5 µm (aerosol);2012;0;0;688829,992;5;0;100;
EE;Estonia;PM2.5;Particulate matter < 2.5 µm (aerosol);2007;0;0;382006,692;1;0;100;
EE;Estonia;PM2.5;Particulate matter < 2.5 µm (aerosol);2008;0;0;382006,692;1;0;100;
EE;Estonia;PM2.5;Particulate matter < 2.5 µm (aerosol);2009;0;0;537148,584;3;0;100;
EE;Estonia;PM2.5;Particulate matter < 2.5 µm (aerosol);2010;0;0;537148,584;3;0;100;
EE;Estonia;PM2.5;Particulate matter < 2.5 µm (aerosol);2011;0;0;537148,584;3;0;100;
EE;Estonia;PM2.5;Particulate matter < 2.5 µm (aerosol);2012;0;0;537148,584;3;0;100;
EEA33;EEA33;PM2.5;Particulate matter < 2.5 µm (aerosol);1998;0;0;759562,112;3;0;100;
EEA33;EEA33;PM2.5;Particulate matter < 2.5 µm (aerosol);1999;0;0;7812138,45;5;0;100;
EEA33;EEA33;PM2.5;Particulate matter < 2.5 µm (aerosol);2000;431532,412;1;8309904,45;5;4,93663019950324;95,0633698004968;
EEA33;EEA33;PM2.5;Particulate matter < 2.5 µm (aerosol);2001;382127,998;1;11583774,074;14;3,19347422117195;96,8065257788281;
EEA33;EEA33;PM2.5;Particulate matter < 2.5 µm (aerosol);2002;519410,882;3;16345908,402;30;3,07975718249675;96,9202428175032;
EEA33;EEA33;PM2.5;Particulate matter < 2.5 µm (aerosol);2003;137282,884;2;18575865,189;47;0,733617259183005;99,266382740817;
EEA33;EEA33;PM2.5;Particulate matter < 2.5 µm (aerosol);2004;1845501,968;6;25779232,868;84;6,68061423559794;93,3193857644021;
EEA33;EEA33;PM2.5;Particulate matter < 2.5 µm (aerosol);2005;1061954,529;12;28463338,228;92;3,59676206342857;96,4032379365714;
EEA33;EEA33;PM2.5;Particulate matter < 2.5 µm (aerosol);2006;4942539,905;19;32058272,123;103;13,3579227970991;86,6420772029009;
EEA33;EEA33;PM2.5;Particulate matter < 2.5 µm (aerosol);2007;1483772,7085;11;33503104,6345;123;4,24094066456281;95,7590593354372;
EEA33;EEA33;PM2.5;Particulate matter < 2.5 µm (aerosol);2008;3485140,3825;11;43529483,1935;157;7,41288585851636;92,5871141414836;
EEA33;EEA33;PM2.5;Particulate matter < 2.5 µm (aerosol);2009;5976839,948;24;76114643,432;331;7,28070647759319;92,7192935224068;
EEA33;EEA33;PM2.5;Particulate matter < 2.5 µm (aerosol);2010;8562747,214;42;81042319,221;396;9,5560971657908;90,4439028342092;
EEA33;EEA33;PM2.5;Particulate matter < 2.5 µm (aerosol);2011;13274973,6835;61;82608172,6105;440;13,8449500215563;86,1550499784437;
EEA33;EEA33;PM2.5;Particulate matter < 2.5 µm (aerosol);2012;10832619,268;47;88610794,767;480;10,893249566218;89,106750433782;
ES;Spain;PM2.5;Particulate matter < 2.5 µm (aerosol);2004;0;0;3254110,011;11;0;100;
ES;Spain;PM2.5;Particulate matter < 2.5 µm (aerosol);2005;8333,826;1;3558407,463;12;0,233653784357781;99,7663462156422;
ES;Spain;PM2.5;Particulate matter < 2.5 µm (aerosol);2006;1512981,179;1;3343083,858;6;31,1565262712111;68,8434737287889;
ES;Spain;PM2.5;Particulate matter < 2.5 µm (aerosol);2007;0;0;3468997,925;6;0;100;
ES;Spain;PM2.5;Particulate matter < 2.5 µm (aerosol);2008;0;0;4944019,688;8;0;100;
ES;Spain;PM2.5;Particulate matter < 2.5 µm (aerosol);2009;208063,476;1;6567065,135;21;3,07098931911331;96,9290106808867;
ES;Spain;PM2.5;Particulate matter < 2.5 µm (aerosol);2010;0;0;7188649,806;29;0;100;
ES;Spain;PM2.5;Particulate matter < 2.5 µm (aerosol);2011;0;0;8589189,492;40;0;100;
ES;Spain;PM2.5;Particulate matter < 2.5 µm (aerosol);2012;0;0;8338867,587;36;0;100;
EU28;EU28;PM2.5;Particulate matter < 2.5 µm (aerosol);1998;0;0;431532,412;1;0;100;
EU28;EU28;PM2.5;Particulate matter < 2.5 µm (aerosol);1999;0;0;7440214;2;0;100;
EU28;EU28;PM2.5;Particulate matter < 2.5 µm (aerosol);2000;431532,412;1;7937980;2;5,15600420618625;94,8439957938138;
EU28;EU28;PM2.5;Particulate matter < 2.5 µm (aerosol);2001;382127,998;1;11211849,624;11;3,29591802277501;96,704081977225;
EU28;EU28;PM2.5;Particulate matter < 2.5 µm (aerosol);2002;475516,132;2;16017878,702;28;2,88307008221107;97,1169299177889;
EU28;EU28;PM2.5;Particulate matter < 2.5 µm (aerosol);2003;93388,134;1;18360303,712;40;0,506067483836535;99,4939325161635;
EU28;EU28;PM2.5;Particulate matter < 2.5 µm (aerosol);2004;1845501,968;6;25368767,653;76;6,7813760710885;93,2186239289115;
EU28;EU28;PM2.5;Particulate matter < 2.5 µm (aerosol);2005;1061954,529;12;28057429,308;85;3,64689903792074;96,3531009620793;
EU28;EU28;PM2.5;Particulate matter < 2.5 µm (aerosol);2006;4942539,905;19;31841647,391;96;13,4365885678748;86,5634114321252;
EU28;EU28;PM2.5;Particulate matter < 2.5 µm (aerosol);2007;1483772,7085;11;33435448,4075;116;4,24915751577327;95,7508424842267;
EU28;EU28;PM2.5;Particulate matter < 2.5 µm (aerosol);2008;3485140,3825;11;43070571,5915;149;7,48595657702829;92,5140434229717;
EU28;EU28;PM2.5;Particulate matter < 2.5 µm (aerosol);2009;5976839,948;24;75225314,938;315;7,36044499852363;92,6395550014764;
EU28;EU28;PM2.5;Particulate matter < 2.5 µm (aerosol);2010;8562747,214;42;80329544,745;381;9,63272183143778;90,3672781685622;
EU28;EU28;PM2.5;Particulate matter < 2.5 µm (aerosol);2011;13274973,6835;61;81894055,5345;424;13,9488379702724;86,0511620297276;
EU28;EU28;PM2.5;Particulate matter < 2.5 µm (aerosol);2012;10832619,268;47;87896677,691;464;10,9720413308509;89,0279586691491;
FI;Finland;PM2.5;Particulate matter < 2.5 µm (aerosol);2001;0;0;522438,15;1;0;100;
FI;Finland;PM2.5;Particulate matter < 2.5 µm (aerosol);2002;0;0;548086,896;3;0;100;
FI;Finland;PM2.5;Particulate matter < 2.5 µm (aerosol);2003;0;0;548086,896;4;0;100;
FI;Finland;PM2.5;Particulate matter < 2.5 µm (aerosol);2004;0;0;548086,896;3;0;100;
FI;Finland;PM2.5;Particulate matter < 2.5 µm (aerosol);2005;0;0;548086,896;3;0;100;
FI;Finland;PM2.5;Particulate matter < 2.5 µm (aerosol);2006;0;0;548086,896;3;0;100;
FI;Finland;PM2.5;Particulate matter < 2.5 µm (aerosol);2007;0;0;637974,252;4;0;100;
FI;Finland;PM2.5;Particulate matter < 2.5 µm (aerosol);2008;0;0;637974,252;4;0;100;
FI;Finland;PM2.5;Particulate matter < 2.5 µm (aerosol);2009;0;0;828173,196;6;0;100;
FI;Finland;PM2.5;Particulate matter < 2.5 µm (aerosol);2010;0;0;855118,16;11;0;100;
FI;Finland;PM2.5;Particulate matter < 2.5 µm (aerosol);2011;0;0;855118,16;11;0;100;
FI;Finland;PM2.5;Particulate matter < 2.5 µm (aerosol);2012;0;0;855118,16;10;0;100;
FR;France;PM2.5;Particulate matter < 2.5 µm (aerosol);2001;382127,998;1;2245635,474;6;14,5419480128918;85,4580519871082;
FR;France;PM2.5;Particulate matter < 2.5 µm (aerosol);2002;475516,132;2;7005691,506;20;6,35614134788435;93,6438586521157;
FR;France;PM2.5;Particulate matter < 2.5 µm (aerosol);2003;93388,134;1;8186119,946;22;1,12794302629632;98,8720569737037;
FR;France;PM2.5;Particulate matter < 2.5 µm (aerosol);2004;93388,134;1;8234528,862;26;1,12138646488498;98,878613535115;
FR;France;PM2.5;Particulate matter < 2.5 µm (aerosol);2005;98008,806;2;8933055,412;29;1,08524093765889;98,9147590623411;
FR;France;PM2.5;Particulate matter < 2.5 µm (aerosol);2006;93388,134;1;10418781,716;38;0,888381136649918;99,1116188633501;
FR;France;PM2.5;Particulate matter < 2.5 µm (aerosol);2007;0;0;9581350,57;33;0;100;
FR;France;PM2.5;Particulate matter < 2.5 µm (aerosol);2008;93388,134;1;3772501,758;8;2,41569565116833;97,5843043488317;
FR;France;PM2.5;Particulate matter < 2.5 µm (aerosol);2009;52257,24;1;12484397,8;53;0,416835589982063;99,5831644100179;
FR;France;PM2.5;Particulate matter < 2.5 µm (aerosol);2010;0;0;13687565,166;57;0;100;
FR;France;PM2.5;Particulate matter < 2.5 µm (aerosol);2011;205507,85;3;13894766,042;64;1,45747417088542;98,5425258291146;
FR;France;PM2.5;Particulate matter < 2.5 µm (aerosol);2012;0;0;16630592,552;73;0;100;
GB;United Kingdom;PM2.5;Particulate matter < 2.5 µm (aerosol);1998;0;0;431532,412;1;0;100;
GB;United Kingdom;PM2.5;Particulate matter < 2.5 µm (aerosol);1999;0;0;7440214;2;0;100;
GB;United Kingdom;PM2.5;Particulate matter < 2.5 µm (aerosol);2000;431532,412;1;7008681,588;1;5,8;94,2;
GB;United Kingdom;PM2.5;Particulate matter < 2.5 µm (aerosol);2001;0;0;7440214;2;0;100;
GB;United Kingdom;PM2.5;Particulate matter < 2.5 µm (aerosol);2002;0;0;7440214;2;0;100;
GB;United Kingdom;PM2.5;Particulate matter < 2.5 µm (aerosol);2003;0;0;7440214;2;0;100;
GB;United Kingdom;PM2.5;Particulate matter < 2.5 µm (aerosol);2004;0;0;7440214;2;0;100;
GB;United Kingdom;PM2.5;Particulate matter < 2.5 µm (aerosol);2005;0;0;7440214;2;0;100;
GB;United Kingdom;PM2.5;Particulate matter < 2.5 µm (aerosol);2006;0;0;7440214;2;0;100;
GB;United Kingdom;PM2.5;Particulate matter < 2.5 µm (aerosol);2007;0;0;7453335,862;3;0;100;
GB;United Kingdom;PM2.5;Particulate matter < 2.5 µm (aerosol);2008;0;0;7021803,45;2;0;100;
GB;United Kingdom;PM2.5;Particulate matter < 2.5 µm (aerosol);2009;0;0;15926479,866;41;0;100;
GB;United Kingdom;PM2.5;Particulate matter < 2.5 µm (aerosol);2010;0;0;14135370,154;43;0;100;
GB;United Kingdom;PM2.5;Particulate matter < 2.5 µm (aerosol);2011;0;0;15660122,608;48;0;100;
GB;United Kingdom;PM2.5;Particulate matter < 2.5 µm (aerosol);2012;0;0;14599234,212;50;0;100;
GR;Greece;PM2.5;Particulate matter < 2.5 µm (aerosol);2008;0;0;30037,28;1;0;100;
GR;Greece;PM2.5;Particulate matter < 2.5 µm (aerosol);2009;0;0;30037,28;1;0;100;
HU;Hungary;PM2.5;Particulate matter < 2.5 µm (aerosol);2004;0;0;7664,055;1;0;100;
HU;Hungary;PM2.5;Particulate matter < 2.5 µm (aerosol);2005;0;0;7664,055;1;0;100;
HU;Hungary;PM2.5;Particulate matter < 2.5 µm (aerosol);2006;0;0;13701,158;2;0;100;
HU;Hungary;PM2.5;Particulate matter < 2.5 µm (aerosol);2007;0;0;13701,158;2;0;100;
HU;Hungary;PM2.5;Particulate matter < 2.5 µm (aerosol);2008;7664,055;1;6037,103;1;55,9372791701256;44,0627208298744;
HU;Hungary;PM2.5;Particulate matter < 2.5 µm (aerosol);2009;0;0;1749707,877;4;0;100;
HU;Hungary;PM2.5;Particulate matter < 2.5 µm (aerosol);2010;0;0;1749707,877;4;0;100;
HU;Hungary;PM2.5;Particulate matter < 2.5 µm (aerosol);2011;1613594,822;1;128449;2;92,6265345120578;7,37346548794224;
HU;Hungary;PM2.5;Particulate matter < 2.5 µm (aerosol);2012;0;0;1897444,767;4;0;100;
IE;Ireland;PM2.5;Particulate matter < 2.5 µm (aerosol);2004;0;0;5552,68;1;0;100;
IE;Ireland;PM2.5;Particulate matter < 2.5 µm (aerosol);2005;0;0;5552,68;1;0;100;
IE;Ireland;PM2.5;Particulate matter < 2.5 µm (aerosol);2007;0;0;5552,68;1;0;100;
IE;Ireland;PM2.5;Particulate matter < 2.5 µm (aerosol);2008;0;0;5552,68;1;0;100;
IE;Ireland;PM2.5;Particulate matter < 2.5 µm (aerosol);2009;0;0;501722,68;4;0;100;
IE;Ireland;PM2.5;Particulate matter < 2.5 µm (aerosol);2010;0;0;496170;3;0;100;
IE;Ireland;PM2.5;Particulate matter < 2.5 µm (aerosol);2011;0;0;501722,68;3;0;100;
IS;Iceland;PM2.5;Particulate matter < 2.5 µm (aerosol);2003;0;0;191800;2;0;100;
IS;Iceland;PM2.5;Particulate matter < 2.5 µm (aerosol);2004;0;0;191800;2;0;100;
IS;Iceland;PM2.5;Particulate matter < 2.5 µm (aerosol);2005;0;0;191800;2;0;100;
IS;Iceland;PM2.5;Particulate matter < 2.5 µm (aerosol);2006;0;0;1342,6;1;0;100;
IS;Iceland;PM2.5;Particulate matter < 2.5 µm (aerosol);2009;0;0;191800;3;0;100;
IS;Iceland;PM2.5;Particulate matter < 2.5 µm (aerosol);2010;0;0;190457,4;2;0;100;
IS;Iceland;PM2.5;Particulate matter < 2.5 µm (aerosol);2011;0;0;191800;3;0;100;
IS;Iceland;PM2.5;Particulate matter < 2.5 µm (aerosol);2012;0;0;191800;3;0;100;
IT;Italy;PM2.5;Particulate matter < 2.5 µm (aerosol);2003;0;0;4819,248;1;0;100;
IT;Italy;PM2.5;Particulate matter < 2.5 µm (aerosol);2004;1303696;2;4819,248;2;99,6317010438078;0,368298956192217;
IT;Italy;PM2.5;Particulate matter < 2.5 µm (aerosol);2005;63881,104;1;4819,248;1;92,9851189117634;7,01488108823664;
IT;Italy;PM2.5;Particulate matter < 2.5 µm (aerosol);2006;2194732,722;3;2422322,3;4;47,5353382522458;52,4646617477542;
IT;Italy;PM2.5;Particulate matter < 2.5 µm (aerosol);2007;1105220,972;5;2646221,165;7;29,4612293522895;70,5387706477105;
IT;Italy;PM2.5;Particulate matter < 2.5 µm (aerosol);2008;2252547,159;3;3336793,641;17;40,3007660402457;59,6992339597543;
IT;Italy;PM2.5;Particulate matter < 2.5 µm (aerosol);2009;2773894,113;7;4183512,103;27;39,86965870443;60,13034129557;
IT;Italy;PM2.5;Particulate matter < 2.5 µm (aerosol);2010;1556549,809;7;6215746,679;34;20,0268969590034;79,9731030409966;
IT;Italy;PM2.5;Particulate matter < 2.5 µm (aerosol);2011;3648281,9815;15;5396223,7795;40;40,3369966021961;59,6630033978039;
IT;Italy;PM2.5;Particulate matter < 2.5 µm (aerosol);2012;3292148,926;12;6786139,114;51;32,6657554629685;67,3342445370315;
LT;Lithuania;PM2.5;Particulate matter < 2.5 µm (aerosol);2007;0;0;24814,516;3;0;100;
LT;Lithuania;PM2.5;Particulate matter < 2.5 µm (aerosol);2008;0;0;16565,612;2;0;100;
LT;Lithuania;PM2.5;Particulate matter < 2.5 µm (aerosol);2009;0;0;24814,516;3;0;100;
LT;Lithuania;PM2.5;Particulate matter < 2.5 µm (aerosol);2010;0;0;24814,516;3;0;100;
LT;Lithuania;PM2.5;Particulate matter < 2.5 µm (aerosol);2011;0;0;24814,516;3;0;100;
LT;Lithuania;PM2.5;Particulate matter < 2.5 µm (aerosol);2012;0;0;24814,516;3;0;100;
LU;Luxembourg;PM2.5;Particulate matter < 2.5 µm (aerosol);2009;0;0;76973,211;1;0;100;
LU;Luxembourg;PM2.5;Particulate matter < 2.5 µm (aerosol);2010;0;0;76973,211;1;0;100;
LU;Luxembourg;PM2.5;Particulate matter < 2.5 µm (aerosol);2011;0;0;76973,211;1;0;100;
LU;Luxembourg;PM2.5;Particulate matter < 2.5 µm (aerosol);2012;0;0;76973,211;1;0;100;
LV;Latvia;PM2.5;Particulate matter < 2.5 µm (aerosol);2008;3259,754;1;698514,934;1;0,464501506785608;99,5354984932144;
LV;Latvia;PM2.5;Particulate matter < 2.5 µm (aerosol);2009;27592,066;1;698514,934;1;3,8;96,2;
LV;Latvia;PM2.5;Particulate matter < 2.5 µm (aerosol);2010;27592,066;1;0;0;100;0;
LV;Latvia;PM2.5;Particulate matter < 2.5 µm (aerosol);2011;27592,066;1;3259,754;1;89,4341597999729;10,5658402000271;
LV;Latvia;PM2.5;Particulate matter < 2.5 µm (aerosol);2012;0;0;701774,688;2;0;100;
MT;Malta;PM2.5;Particulate matter < 2.5 µm (aerosol);2007;0;0;9793,15;1;0;100;
MT;Malta;PM2.5;Particulate matter < 2.5 µm (aerosol);2008;0;0;9793,15;1;0;100;
MT;Malta;PM2.5;Particulate matter < 2.5 µm (aerosol);2009;0;0;9793,15;1;0;100;
MT;Malta;PM2.5;Particulate matter < 2.5 µm (aerosol);2010;0;0;9793,15;1;0;100;
MT;Malta;PM2.5;Particulate matter < 2.5 µm (aerosol);2011;0;0;9793,15;1;0;100;
MT;Malta;PM2.5;Particulate matter < 2.5 µm (aerosol);2012;0;0;9793,15;1;0;100;
NL;Netherlands;PM2.5;Particulate matter < 2.5 µm (aerosol);2008;0;0;1590088,544;7;0;100;
NL;Netherlands;PM2.5;Particulate matter < 2.5 µm (aerosol);2009;0;0;2629133,936;13;0;100;
NL;Netherlands;PM2.5;Particulate matter < 2.5 µm (aerosol);2010;0;0;2735744,592;16;0;100;
NL;Netherlands;PM2.5;Particulate matter < 2.5 µm (aerosol);2011;0;0;2888533,92;18;0;100;
NL;Netherlands;PM2.5;Particulate matter < 2.5 µm (aerosol);2012;0;0;3022740,568;25;0;100;
NO;Norway;PM2.5;Particulate matter < 2.5 µm (aerosol);2003;0;0;17551,877;4;0;100;
NO;Norway;PM2.5;Particulate matter < 2.5 µm (aerosol);2004;0;0;168560,865;4;0;100;
NO;Norway;PM2.5;Particulate matter < 2.5 µm (aerosol);2005;0;0;164004,57;3;0;100;
NO;Norway;PM2.5;Particulate matter < 2.5 µm (aerosol);2006;0;0;165177,782;4;0;100;
NO;Norway;PM2.5;Particulate matter < 2.5 µm (aerosol);2007;0;0;17551,877;5;0;100;
NO;Norway;PM2.5;Particulate matter < 2.5 µm (aerosol);2008;0;0;130881,902;6;0;100;
NO;Norway;PM2.5;Particulate matter < 2.5 µm (aerosol);2009;0;0;369498,794;11;0;100;
NO;Norway;PM2.5;Particulate matter < 2.5 µm (aerosol);2010;0;0;522317,076;13;0;100;
NO;Norway;PM2.5;Particulate matter < 2.5 µm (aerosol);2011;0;0;522317,076;13;0;100;
NO;Norway;PM2.5;Particulate matter < 2.5 µm (aerosol);2012;0;0;522317,076;13;0;100;
PL;Poland;PM2.5;Particulate matter < 2.5 µm (aerosol);2004;58000,464;1;0;0;100;0;
PL;Poland;PM2.5;Particulate matter < 2.5 µm (aerosol);2005;0;0;734129,088;1;0;100;
PL;Poland;PM2.5;Particulate matter < 2.5 µm (aerosol);2006;0;0;108054,41;2;0;100;
PL;Poland;PM2.5;Particulate matter < 2.5 µm (aerosol);2007;0;0;13653,992;1;0;100;
PL;Poland;PM2.5;Particulate matter < 2.5 µm (aerosol);2008;905346,792;3;1269926,366;4;41,6199128220016;58,3800871779985;
PL;Poland;PM2.5;Particulate matter < 2.5 µm (aerosol);2009;2248535,982;7;2437932,422;6;47,9793266093681;52,0206733906319;
PL;Poland;PM2.5;Particulate matter < 2.5 µm (aerosol);2010;4770551,293;22;2959983,455;13;61,7104954380318;38,2895045619682;
PL;Poland;PM2.5;Particulate matter < 2.5 µm (aerosol);2011;5388719,302;28;4315702,566;17;55,528493869059;44,471506130941;
PL;Poland;PM2.5;Particulate matter < 2.5 µm (aerosol);2012;5154413,695;25;4702682,231;22;52,2914023937236;47,7085976062764;
PT;Portugal;PM2.5;Particulate matter < 2.5 µm (aerosol);2002;0;0;20324,3;1;0;100;
PT;Portugal;PM2.5;Particulate matter < 2.5 µm (aerosol);2003;0;0;20324,3;1;0;100;
PT;Portugal;PM2.5;Particulate matter < 2.5 µm (aerosol);2004;0;0;537090,366;3;0;100;
PT;Portugal;PM2.5;Particulate matter < 2.5 µm (aerosol);2005;0;0;593807;4;0;100;
PT;Portugal;PM2.5;Particulate matter < 2.5 µm (aerosol);2006;0;0;692092,634;5;0;100;
PT;Portugal;PM2.5;Particulate matter < 2.5 µm (aerosol);2007;0;0;635376;4;0;100;
PT;Portugal;PM2.5;Particulate matter < 2.5 µm (aerosol);2008;0;0;635376;4;0;100;
PT;Portugal;PM2.5;Particulate matter < 2.5 µm (aerosol);2009;0;0;793349,868;5;0;100;
PT;Portugal;PM2.5;Particulate matter < 2.5 µm (aerosol);2010;0;0;500608,458;5;0;100;
PT;Portugal;PM2.5;Particulate matter < 2.5 µm (aerosol);2011;0;0;914608,158;4;0;100;
PT;Portugal;PM2.5;Particulate matter < 2.5 µm (aerosol);2012;0;0;914608,158;4;0;100;
RO;Romania;PM2.5;Particulate matter < 2.5 µm (aerosol);2007;45019,632;1;0;0;100;0;
RO;Romania;PM2.5;Particulate matter < 2.5 µm (aerosol);2009;0;0;2181695,744;12;0;100;
RO;Romania;PM2.5;Particulate matter < 2.5 µm (aerosol);2010;0;0;4850027,696;18;0;100;
RO;Romania;PM2.5;Particulate matter < 2.5 µm (aerosol);2011;0;0;1881264,4;11;0;100;
RO;Romania;PM2.5;Particulate matter < 2.5 µm (aerosol);2012;344630,48;3;2521549,68;12;12,0240341067744;87,9759658932256;
SE;Sweden;PM2.5;Particulate matter < 2.5 µm (aerosol);2004;0;0;770906;4;0;100;
SE;Sweden;PM2.5;Particulate matter < 2.5 µm (aerosol);2005;0;0;285616,532;4;0;100;
SE;Sweden;PM2.5;Particulate matter < 2.5 µm (aerosol);2006;0;0;1039562,6;5;0;100;
SE;Sweden;PM2.5;Particulate matter < 2.5 µm (aerosol);2007;0;0;1050325,572;5;0;100;
SE;Sweden;PM2.5;Particulate matter < 2.5 µm (aerosol);2008;0;0;1050325,572;5;0;100;
SE;Sweden;PM2.5;Particulate matter < 2.5 µm (aerosol);2009;0;0;1058569,61;6;0;100;
SE;Sweden;PM2.5;Particulate matter < 2.5 µm (aerosol);2010;0;0;1165009,124;10;0;100;
SE;Sweden;PM2.5;Particulate matter < 2.5 µm (aerosol);2011;0;0;1167695,588;9;0;100;
SE;Sweden;PM2.5;Particulate matter < 2.5 µm (aerosol);2012;0;0;1158965,724;8;0;100;
SI;Slovenia;PM2.5;Particulate matter < 2.5 µm (aerosol);2008;0;0;245658,098;2;0;100;
SI;Slovenia;PM2.5;Particulate matter < 2.5 µm (aerosol);2009;0;0;348142,613;3;0;100;
SI;Slovenia;PM2.5;Particulate matter < 2.5 µm (aerosol);2010;0;0;348142,613;3;0;100;
SI;Slovenia;PM2.5;Particulate matter < 2.5 µm (aerosol);2011;5280,485;1;342862,128;2;1,51675916788733;98,4832408321127;
SI;Slovenia;PM2.5;Particulate matter < 2.5 µm (aerosol);2012;0;0;348142,613;3;0;100;
SK;Slovakia;PM2.5;Particulate matter < 2.5 µm (aerosol);2003;0;0;251513,812;3;0;100;
SK;Slovakia;PM2.5;Particulate matter < 2.5 µm (aerosol);2004;0;0;29102,547;2;0;100;
SK;Slovakia;PM2.5;Particulate matter < 2.5 µm (aerosol);2006;79809,862;1;0;0;100;0;
SK;Slovakia;PM2.5;Particulate matter < 2.5 µm (aerosol);2007;79809,862;1;0;0;100;0;
SK;Slovakia;PM2.5;Particulate matter < 2.5 µm (aerosol);2008;0;0;79809,862;1;0;100;
SK;Slovakia;PM2.5;Particulate matter < 2.5 µm (aerosol);2009;79809,862;1;0;0;100;0;
SK;Slovakia;PM2.5;Particulate matter < 2.5 µm (aerosol);2010;84375,448;2;381845,953;4;18,0977209152181;81,9022790847819;
SK;Slovakia;PM2.5;Particulate matter < 2.5 µm (aerosol);2011;361138,616;5;158163,36;3;69,543085274145;30,456914725855;
SK;Slovakia;PM2.5;Particulate matter < 2.5 µm (aerosol);2012;79809,862;1;134449,903;3;37,2491130100885;62,7508869899115;